market_id,market_slug,market_name,question,description,category,tags,event_slug,event_title,volume,liquidity,closed,close_time,clob_token_ids,market_url,relevance_score,primary_topic,country_or_region,event_family,information_structure,hard_rejected,classification_reason,rejection_reason
540817,new-rhianna-album-before-gta-vi-926,New Rihanna Album before GTA VI?,New Rihanna Album before GTA VI?,"This market will resolve to ""Yes"" if Rihanna officially releases a new album before Grand Theft Auto VI is officially released in the US. Otherwise, this market will resolve to ""No"".

If neither occurs by July 31, 2026, 11:59 PM ET, this market will resolve to 50-50.

For the purposes of this market, ""release"" refers to the game becoming publicly available for purchase or download in the US. Early access, beta versions, other forms of pre-release availability, or leaks will not count as an official release. If the release is only for certain consoles (e.g. Xbox Series X/S) it will count.

The resolution source for the release of GTA VI is official information from Rockstar Games or its parent company, Take-Two Interactive.

Officially released means that a newly released album is officially available for download or streaming (not including live events) by the resolution date.

Re-releases, deluxe editions, compilations, or greatest hits albums will not count, unless they contain at least 50% tracks that have never been officially released in any format prior to the album's release.

The resolution source for the album release will be any official streaming or download site, e.g. Apple Music or Spotify.",,,what-will-happen-before-gta-vi,What will happen before GTA VI?,855309.6046820153,19708.8489,False,2026-07-31T12:00:00Z,"[""98022490269692409998126496127597032490334070080325855126491859374983463996227"", ""53831553061883006530739877284105938919721408776239639687877978808906551086026""]",https://polymarket.com/market/new-rhianna-album-before-gta-vi-926,20.0,other,unknown,what-will-happen-before-gta-vi,public_or_macro_driven,False,no relevance rule matched,relevance score 20.0 < 60.0
540818,new-playboi-carti-album-before-gta-vi-421,New Playboi Carti Album before GTA VI?,New Playboi Carti Album before GTA VI?,"This market will resolve to ""Yes"" if Playboi Carti officially releases a new album before Grand Theft Auto VI is officially released in the US. Otherwise, this market will resolve to ""No"".

If neither occurs by July 31, 2026, 11:59 PM ET, this market will resolve to 50-50.

For the purposes of this market, ""release"" refers to the game becoming publicly available for purchase or download in the US. Early access, beta versions, other forms of pre-release availability, or leaks will not count as an official release. If the release is only for certain consoles (e.g. Xbox Series X/S) it will count.

The resolution source for the release of GTA VI is official information from Rockstar Games or its parent company, Take-Two Interactive.

Officially released means that a newly released album is officially available for download or streaming (not including live events) by the resolution date.

Re-releases, deluxe editions, compilations, or greatest hits albums will not count, unless they contain at least 50% tracks that have never been officially released in any format prior to the album's release.

The resolution source for the album release will be any official streaming or download site, e.g. Apple Music or Spotify.",,,what-will-happen-before-gta-vi,What will happen before GTA VI?,748517.9111259462,12582.9169,False,2026-07-31T12:00:00Z,"[""88275040060084773376557187972215267513049848642895776801789297917961077894224"", ""94376205816022955542979635542279932967359915765455578534002478996104754801969""]",https://polymarket.com/market/new-playboi-carti-album-before-gta-vi-421,20.0,other,unknown,what-will-happen-before-gta-vi,public_or_macro_driven,False,no relevance rule matched,relevance score 20.0 < 60.0
540819,will-jesus-christ-return-before-gta-vi-665,Will Jesus Christ return before GTA VI?,Will Jesus Christ return before GTA VI?,"This market will resolve to ""Yes"" if The Second Coming of Jesus Christ occurs before Grand Theft Auto VI is officially released in the US. Otherwise, this market will resolve to ""No"".

If neither occurs by July 31, 2026, 11:59 PM ET, this market will resolve to 50-50.

For the purposes of this market, ""release"" refers to the game becoming publicly available for purchase or download in the US. Early access, beta versions, other forms of pre-release availability, or leaks will not count as an official release. If the release is only for certain consoles (e.g. Xbox Series X/S) it will count.

The resolution source for the release of GTA VI is official information from Rockstar Games or its parent company, Take-Two Interactive.

The resolution source for the return of Jesus will be a consensus of credible sources.",,,what-will-happen-before-gta-vi,What will happen before GTA VI?,11818814.001887718,317974.7291,False,2026-07-31T12:00:00Z,"[""90435811253665578014957380826505992530054077692143838383981805324273750424057"", ""92388629082681805622801622703528982922543286352927708208755887536971583436902""]",https://polymarket.com/market/will-jesus-christ-return-before-gta-vi-665,20.0,other,unknown,what-will-happen-before-gta-vi,public_or_macro_driven,False,no relevance rule matched,relevance score 20.0 < 60.0
540844,will-bitcoin-hit-1m-before-gta-vi-872-424,Will bitcoin hit $1m before GTA VI?,Will bitcoin hit $1m before GTA VI?,"This market will resolve to ""Yes"" if any Binance 1 minute candle for Bitcoin (BTCUSDT) has a final ""High"" price of $1,000,000 or higher before Grand Theft Auto VI is officially released in the US. Otherwise, this market will resolve to ""No"".

If neither occurs by July 31, 2026, 11:59 PM ET, this market will resolve to 50-50.

For the purposes of this market, ""release"" refers to the game becoming publicly available for purchase or download in the US. Early access, beta versions, other forms of pre-release availability, or leaks will not count as an official release. If the release is only for certain consoles (e.g. Xbox Series X/S) it will count.

The resolution source for the release of GTA VI is official information from Rockstar Games or its parent company, Take-Two Interactive.

The resolution source for Bitcoin is Binance, specifically the BTCUSDT ""High"" prices available at https://www.binance.com/en/trade/BTC_USDT, with the chart settings on ""1m"" for one-minute candles selected on the top bar.

Please note that the outcome of this market depends solely on the price data from the Binance BTCUSDT trading pair. Prices from other exchanges, different trading pairs, or spot markets will not be considered for the resolution of this market.",,,what-will-happen-before-gta-vi,What will happen before GTA VI?,4652632.474231778,128675.20085,False,2026-07-31T12:00:00Z,"[""105267568073659068217311993901927962476298440625043565106676088842803600775810"", ""91863162118308663069733924043159186005106558783397508844234610341221325526200""]",https://polymarket.com/market/will-bitcoin-hit-1m-before-gta-vi-872-424,0.0,crypto,unknown,what-will-happen-before-gta-vi,public_or_macro_driven,True,matched crypto keywords; hard-reject penalty,hard reject (keyword or topic)
559660,will-andy-beshear-win-the-2028-democratic-presidential-nomination-832,Will Andy Beshear win the 2028 Democratic presidential nomination?,Will Andy Beshear win the 2028 Democratic presidential nomination?,"This market will resolve to “Yes” if the named individual wins and accepts the 2028 nomination of the Democratic Party for U.S. president. Otherwise, this market will resolve to “No”.

The resolution source for this market will be a consensus of official Democratic Party sources.

Any replacement of the democratic nominee before election day will not change the resolution of the market.",,,democratic-presidential-nominee-2028,Democratic Presidential Nominee 2028,12781132.98659393,453183.70213,False,2028-11-07T00:00:00Z,"[""26468656392978559668331516709623917078428425933265692717836103090220693717685"", ""26335362363448644358593284423242327477307616743233875606762153873424287882825""]",https://polymarket.com/market/will-andy-beshear-win-the-2028-democratic-presidential-nomination-832,75.0,elections,united_states,democratic-presidential-nominee-2028,public_or_macro_driven,False,matched elections keywords,diversity cap: country_or_region=united_states
559661,will-jon-ossoff-win-the-2028-democratic-presidential-nomination-885,Will Jon Ossoff win the 2028 Democratic presidential nomination?,Will Jon Ossoff win the 2028 Democratic presidential nomination?,"This market will resolve to “Yes” if the named individual wins and accepts the 2028 nomination of the Democratic Party for U.S. president. Otherwise, this market will resolve to “No”.

The resolution source for this market will be a consensus of official Democratic Party sources.

Any replacement of the democratic nominee before election day will not change the resolution of the market.",,,democratic-presidential-nominee-2028,Democratic Presidential Nominee 2028,12123360.694697894,275768.74165,False,2028-11-07T00:00:00Z,"[""70071592420137476676935286377781779672157004436137616627487590484756055232944"", ""107829893465244243112531790315844862173967342141753896250561816305880797209350""]",https://polymarket.com/market/will-jon-ossoff-win-the-2028-democratic-presidential-nomination-885,75.0,elections,united_states,democratic-presidential-nominee-2028,public_or_macro_driven,False,matched elections keywords,diversity cap: country_or_region=united_states
559662,will-mark-cuban-win-the-2028-democratic-presidential-nomination-329,Will Mark Cuban win the 2028 Democratic presidential nomination?,Will Mark Cuban win the 2028 Democratic presidential nomination?,"This market will resolve to “Yes” if the named individual wins and accepts the 2028 nomination of the Democratic Party for U.S. president. Otherwise, this market will resolve to “No”.

The resolution source for this market will be a consensus of official Democratic Party sources.

Any replacement of the democratic nominee before election day will not change the resolution of the market.",,,democratic-presidential-nominee-2028,Democratic Presidential Nominee 2028,22698995.483271644,1895336.3064,False,2028-11-07T00:00:00Z,"[""58378309871183461257693288827678410871907006920578755035402846056315798427503"", ""55392527126713018429304496836617506663024188480522297953714346140749923557790""]",https://polymarket.com/market/will-mark-cuban-win-the-2028-democratic-presidential-nomination-329,75.0,elections,united_states,democratic-presidential-nominee-2028,public_or_macro_driven,False,matched elections keywords,diversity cap: country_or_region=united_states
559663,will-jb-pritzker-win-the-2028-democratic-presidential-nomination-288,Will J.B. Pritzker win the 2028 Democratic presidential nomination?,Will J.B. Pritzker win the 2028 Democratic presidential nomination?,"This market will resolve to “Yes” if the named individual wins and accepts the 2028 nomination of the Democratic Party for U.S. president. Otherwise, this market will resolve to “No”.

The resolution source for this market will be a consensus of official Democratic Party sources.

Any replacement of the democratic nominee before election day will not change the resolution of the market.",,,democratic-presidential-nominee-2028,Democratic Presidential Nominee 2028,14980482.370886961,578950.36751,False,2028-11-07T00:00:00Z,"[""103988345069738240821107916249290759786442703283901164377120414690701074137717"", ""108650988487983371520585351370999192979899647080710024226285750050382033453124""]",https://polymarket.com/market/will-jb-pritzker-win-the-2028-democratic-presidential-nomination-288,75.0,elections,united_states,democratic-presidential-nominee-2028,public_or_macro_driven,False,matched elections keywords,diversity cap: country_or_region=united_states
559664,will-raphael-warnock-win-the-2028-democratic-presidential-nomination-914,Will Raphael Warnock win the 2028 Democratic presidential nomination?,Will Raphael Warnock win the 2028 Democratic presidential nomination?,"This market will resolve to “Yes” if the named individual wins and accepts the 2028 nomination of the Democratic Party for U.S. president. Otherwise, this market will resolve to “No”.

The resolution source for this market will be a consensus of official Democratic Party sources.

Any replacement of the democratic nominee before election day will not change the resolution of the market.",,,democratic-presidential-nominee-2028,Democratic Presidential Nominee 2028,31684779.77262431,1863471.96438,False,2028-11-07T00:00:00Z,"[""52310257194926233099477326083312959938983447523839326865869372741334281264830"", ""88403451835230950222119400360490338078378790763472355557584611572247419676051""]",https://polymarket.com/market/will-raphael-warnock-win-the-2028-democratic-presidential-nomination-914,75.0,elections,united_states,democratic-presidential-nominee-2028,public_or_macro_driven,False,matched elections keywords,diversity cap: country_or_region=united_states
559665,will-corey-booker-win-the-2028-democratic-presidential-nomination-125,Will Cory Booker win the 2028 Democratic presidential nomination?,Will Cory Booker win the 2028 Democratic presidential nomination?,"This market will resolve to “Yes” if the named individual wins and accepts the 2028 nomination of the Democratic Party for U.S. president. Otherwise, this market will resolve to “No”.

The resolution source for this market will be a consensus of official Democratic Party sources.

Any replacement of the democratic nominee before election day will not change the resolution of the market.",,,democratic-presidential-nominee-2028,Democratic Presidential Nominee 2028,25208802.36097393,1933767.46153,False,2028-11-07T00:00:00Z,"[""50887272939612765629559172143901565817521391945540156085421963433918821328137"", ""29006371059590547574472177233842141554614007974283936149779962779213443973844""]",https://polymarket.com/market/will-corey-booker-win-the-2028-democratic-presidential-nomination-125,75.0,elections,united_states,democratic-presidential-nominee-2028,public_or_macro_driven,False,matched elections keywords,diversity cap: country_or_region=united_states
559666,will-tim-walz-win-the-2028-democratic-presidential-nomination-475,Will Tim Walz win the 2028 Democratic presidential nomination?,Will Tim Walz win the 2028 Democratic presidential nomination?,"This market will resolve to “Yes” if the named individual wins and accepts the 2028 nomination of the Democratic Party for U.S. president. Otherwise, this market will resolve to “No”.

The resolution source for this market will be a consensus of official Democratic Party sources.

Any replacement of the democratic nominee before election day will not change the resolution of the market.",,,democratic-presidential-nominee-2028,Democratic Presidential Nominee 2028,42421424.740212046,2798937.50605,False,2028-11-07T00:00:00Z,"[""104464678880204778606895232389511543522030897731392516718349574106843434770446"", ""90935594925886073322524509252821043048115343298080885997215308777385571383769""]",https://polymarket.com/market/will-tim-walz-win-the-2028-democratic-presidential-nomination-475,75.0,elections,united_states,democratic-presidential-nominee-2028,public_or_macro_driven,False,matched elections keywords,diversity cap: country_or_region=united_states
559667,will-michelle-obama-win-the-2028-democratic-presidential-nomination-777,Will Michelle Obama win the 2028 Democratic presidential nomination?,Will Michelle Obama win the 2028 Democratic presidential nomination?,"This market will resolve to “Yes” if the named individual wins and accepts the 2028 nomination of the Democratic Party for U.S. president. Otherwise, this market will resolve to “No”.

The resolution source for this market will be a consensus of official Democratic Party sources.

Any replacement of the democratic nominee before election day will not change the resolution of the market.",,,democratic-presidential-nominee-2028,Democratic Presidential Nominee 2028,25963695.44720329,2134707.74739,False,2028-11-07T00:00:00Z,"[""83723134981785004242996949681785273460678873813693556756054904164484296299719"", ""107146110974011455665373243296921398136854344089489911087344946921091914123046""]",https://polymarket.com/market/will-michelle-obama-win-the-2028-democratic-presidential-nomination-777,75.0,elections,united_states,democratic-presidential-nominee-2028,public_or_macro_driven,False,matched elections keywords,diversity cap: country_or_region=united_states
559668,will-mark-kelly-win-the-2028-democratic-presidential-nomination-479,Will Mark Kelly win the 2028 Democratic presidential nomination?,Will Mark Kelly win the 2028 Democratic presidential nomination?,"This market will resolve to “Yes” if the named individual wins and accepts the 2028 nomination of the Democratic Party for U.S. president. Otherwise, this market will resolve to “No”.

The resolution source for this market will be a consensus of official Democratic Party sources.

Any replacement of the democratic nominee before election day will not change the resolution of the market.",,,democratic-presidential-nominee-2028,Democratic Presidential Nominee 2028,16486508.33446545,612163.32068,False,2028-11-07T00:00:00Z,"[""92325249719485031139867422012514654102580961954747753469470405147070256604118"", ""5116999494213083595175041146469973274436003044730013359502912125889113751080""]",https://polymarket.com/market/will-mark-kelly-win-the-2028-democratic-presidential-nomination-479,75.0,elections,united_states,democratic-presidential-nominee-2028,public_or_macro_driven,False,matched elections keywords,diversity cap: country_or_region=united_states
559669,will-rahm-emanuel-win-the-2028-democratic-presidential-nomination-299,Will Rahm Emanuel win the 2028 Democratic presidential nomination?,Will Rahm Emanuel win the 2028 Democratic presidential nomination?,"This market will resolve to “Yes” if the named individual wins and accepts the 2028 nomination of the Democratic Party for U.S. president. Otherwise, this market will resolve to “No”.

The resolution source for this market will be a consensus of official Democratic Party sources.

Any replacement of the democratic nominee before election day will not change the resolution of the market.",,,democratic-presidential-nominee-2028,Democratic Presidential Nominee 2028,14279880.532617945,712351.97495,False,2028-11-07T00:00:00Z,"[""10521981432803570450946212503203364998108630328528216082760514453664705157397"", ""91949042216127305292438280992722171735754548787382833799906976841509942727662""]",https://polymarket.com/market/will-rahm-emanuel-win-the-2028-democratic-presidential-nomination-299,75.0,elections,united_states,democratic-presidential-nominee-2028,public_or_macro_driven,False,matched elections keywords,diversity cap: country_or_region=united_states
559654,will-pete-buttigieg-win-the-2028-democratic-presidential-nomination-687,Will Pete Buttigieg win the 2028 Democratic presidential nomination?,Will Pete Buttigieg win the 2028 Democratic presidential nomination?,"This market will resolve to “Yes” if the named individual wins and accepts the 2028 nomination of the Democratic Party for U.S. president. Otherwise, this market will resolve to “No”.

The resolution source for this market will be a consensus of official Democratic Party sources.

Any replacement of the democratic nominee before election day will not change the resolution of the market.",,,democratic-presidential-nominee-2028,Democratic Presidential Nominee 2028,11560046.330970587,390388.20737,False,2028-11-07T00:00:00Z,"[""91031279171981959197361710127213577102576826515163085396576756946418341946256"", ""18494065527924073750217237765784380365430319396356251245973222791140100738948""]",https://polymarket.com/market/will-pete-buttigieg-win-the-2028-democratic-presidential-nomination-687,75.0,elections,united_states,democratic-presidential-nominee-2028,public_or_macro_driven,False,matched elections keywords,diversity cap: country_or_region=united_states
559670,will-gina-raimondo-win-the-2028-democratic-presidential-nomination-676,Will Gina Raimondo win the 2028 Democratic presidential nomination?,Will Gina Raimondo win the 2028 Democratic presidential nomination?,"This market will resolve to “Yes” if the named individual wins and accepts the 2028 nomination of the Democratic Party for U.S. president. Otherwise, this market will resolve to “No”.

The resolution source for this market will be a consensus of official Democratic Party sources.

Any replacement of the democratic nominee before election day will not change the resolution of the market.",,,democratic-presidential-nominee-2028,Democratic Presidential Nominee 2028,35438411.8844578,2173220.97009,False,2028-11-07T00:00:00Z,"[""35165603539035270209469650915267170915291414186795231160733227083640059691764"", ""82254794773423437491598574581796732934760602553828664932786984448280136473130""]",https://polymarket.com/market/will-gina-raimondo-win-the-2028-democratic-presidential-nomination-676,75.0,elections,united_states,democratic-presidential-nominee-2028,public_or_macro_driven,False,matched elections keywords,diversity cap: country_or_region=united_states
559671,will-zohran-mamdani-win-the-2028-democratic-presidential-nomination-445,Will Zohran Mamdani win the 2028 Democratic presidential nomination?,Will Zohran Mamdani win the 2028 Democratic presidential nomination?,"This market will resolve to “Yes” if the named individual wins and accepts the 2028 nomination of the Democratic Party for U.S. president. Otherwise, this market will resolve to “No”.

The resolution source for this market will be a consensus of official Democratic Party sources.

Any replacement of the democratic nominee before election day will not change the resolution of the market.",,,democratic-presidential-nominee-2028,Democratic Presidential Nominee 2028,38384528.23348461,2558990.03363,False,2028-11-07T00:00:00Z,"[""19323997520040734631220675039559156784534982703459512097490198935565229528445"", ""111309365336519526711604102518316708823622751854213281307404397618571408959194""]",https://polymarket.com/market/will-zohran-mamdani-win-the-2028-democratic-presidential-nomination-445,75.0,elections,united_states,democratic-presidential-nominee-2028,public_or_macro_driven,False,matched elections keywords,diversity cap: country_or_region=united_states
559673,will-john-fetterman-win-the-2028-democratic-presidential-nomination-941,Will John Fetterman win the 2028 Democratic presidential nomination?,Will John Fetterman win the 2028 Democratic presidential nomination?,"This market will resolve to “Yes” if the named individual wins and accepts the 2028 nomination of the Democratic Party for U.S. president. Otherwise, this market will resolve to “No”.

The resolution source for this market will be a consensus of official Democratic Party sources.

Any replacement of the democratic nominee before election day will not change the resolution of the market.",,,democratic-presidential-nominee-2028,Democratic Presidential Nominee 2028,23077433.769844133,2100030.12988,False,2028-11-07T00:00:00Z,"[""71289010523270989807437428651002770360280908813019627976988032260868574107425"", ""68686505966910102763700888296813272792512562699674656659355148432859571994559""]",https://polymarket.com/market/will-john-fetterman-win-the-2028-democratic-presidential-nomination-941,75.0,elections,united_states,democratic-presidential-nominee-2028,public_or_macro_driven,False,matched elections keywords,diversity cap: country_or_region=united_states
559672,will-roy-cooper-win-the-2028-democratic-presidential-nomination-286,Will Roy Cooper win the 2028 Democratic presidential nomination?,Will Roy Cooper win the 2028 Democratic presidential nomination?,"This market will resolve to “Yes” if the named individual wins and accepts the 2028 nomination of the Democratic Party for U.S. president. Otherwise, this market will resolve to “No”.

The resolution source for this market will be a consensus of official Democratic Party sources.

Any replacement of the democratic nominee before election day will not change the resolution of the market.",,,democratic-presidential-nominee-2028,Democratic Presidential Nominee 2028,31123977.25932647,1819671.18387,False,2028-11-07T00:00:00Z,"[""30732552320006664177902085971957467957450485111214036633872573588757974348601"", ""55053374667733007627913689484290555932799177921000957543346276204775142445823""]",https://polymarket.com/market/will-roy-cooper-win-the-2028-democratic-presidential-nomination-286,75.0,elections,united_states,democratic-presidential-nominee-2028,public_or_macro_driven,False,matched elections keywords,diversity cap: country_or_region=united_states
559675,will-jon-stewart-win-the-2028-democratic-presidential-nomination-518,Will Jon Stewart win the 2028 Democratic presidential nomination?,Will Jon Stewart win the 2028 Democratic presidential nomination?,"This market will resolve to “Yes” if the named individual wins and accepts the 2028 nomination of the Democratic Party for U.S. president. Otherwise, this market will resolve to “No”.

The resolution source for this market will be a consensus of official Democratic Party sources.

Any replacement of the democratic nominee before election day will not change the resolution of the market.",,,democratic-presidential-nominee-2028,Democratic Presidential Nominee 2028,24492792.393604297,277901.08786,False,2028-11-07T00:00:00Z,"[""58343456405874365460518182619380252930558598368174305791768670198253267891911"", ""84566561349071752664514432513198569980219178901068420341175150225620958953893""]",https://polymarket.com/market/will-jon-stewart-win-the-2028-democratic-presidential-nomination-518,75.0,elections,united_states,democratic-presidential-nominee-2028,public_or_macro_driven,False,matched elections keywords,diversity cap: country_or_region=united_states
559676,will-barack-obama-win-the-2028-democratic-presidential-nomination-265,Will Barack Obama win the 2028 Democratic presidential nomination?,Will Barack Obama win the 2028 Democratic presidential nomination?,"This market will resolve to “Yes” if the named individual wins and accepts the 2028 nomination of the Democratic Party for U.S. president. Otherwise, this market will resolve to “No”.

The resolution source for this market will be a consensus of official Democratic Party sources.

Any replacement of the democratic nominee before election day will not change the resolution of the market.",,,democratic-presidential-nominee-2028,Democratic Presidential Nominee 2028,33622482.62422159,2415732.81499,False,2028-11-07T00:00:00Z,"[""88927218779847397120407909832537568114340511586397698395193736044476021744522"", ""93993883668914241189795812807312922412111034935516092303580333564217329905759""]",https://polymarket.com/market/will-barack-obama-win-the-2028-democratic-presidential-nomination-265,75.0,elections,united_states,democratic-presidential-nominee-2028,public_or_macro_driven,False,matched elections keywords,diversity cap: country_or_region=united_states
559677,will-hillary-clinton-win-the-2028-democratic-presidential-nomination,Will Hillary Clinton win the 2028 Democratic presidential nomination?,Will Hillary Clinton win the 2028 Democratic presidential nomination?,"This market will resolve to “Yes” if the named individual wins and accepts the 2028 nomination of the Democratic Party for U.S. president. Otherwise, this market will resolve to “No”.

The resolution source for this market will be a consensus of official Democratic Party sources.

Any replacement of the democratic nominee before election day will not change the resolution of the market.",,,democratic-presidential-nominee-2028,Democratic Presidential Nominee 2028,43361390.71081179,2829192.99541,False,2028-11-07T00:00:00Z,"[""6349038249650226718426900942104344803413105653564595362433352811865798195800"", ""57931882677606943294773135604094039468334392354204920135953322654005083822055""]",https://polymarket.com/market/will-hillary-clinton-win-the-2028-democratic-presidential-nomination,75.0,elections,united_states,democratic-presidential-nominee-2028,public_or_macro_driven,False,matched elections keywords,diversity cap: country_or_region=united_states
559674,will-jared-polis-win-the-2028-democratic-presidential-nomination-837,Will Jared Polis win the 2028 Democratic presidential nomination?,Will Jared Polis win the 2028 Democratic presidential nomination?,"This market will resolve to “Yes” if the named individual wins and accepts the 2028 nomination of the Democratic Party for U.S. president. Otherwise, this market will resolve to “No”.

The resolution source for this market will be a consensus of official Democratic Party sources.

Any replacement of the democratic nominee before election day will not change the resolution of the market.",,,democratic-presidential-nominee-2028,Democratic Presidential Nominee 2028,26964343.48101287,942499.4521,False,2028-11-07T00:00:00Z,"[""42119164854283656238382173699154739480090965550328051492328192273011556335098"", ""39150381508679235943386404690610035044747196600759141560840372170757042543675""]",https://polymarket.com/market/will-jared-polis-win-the-2028-democratic-presidential-nomination-837,75.0,elections,united_states,democratic-presidential-nominee-2028,public_or_macro_driven,False,matched elections keywords,diversity cap: country_or_region=united_states
559679,will-bernie-sanders-win-the-2028-democratic-presidential-nomination-879,Will Bernie Sanders win the 2028 Democratic presidential nomination?,Will Bernie Sanders win the 2028 Democratic presidential nomination?,"This market will resolve to “Yes” if the named individual wins and accepts the 2028 nomination of the Democratic Party for U.S. president. Otherwise, this market will resolve to “No”.

The resolution source for this market will be a consensus of official Democratic Party sources.

Any replacement of the democratic nominee before election day will not change the resolution of the market.",,,democratic-presidential-nominee-2028,Democratic Presidential Nominee 2028,51243454.86558831,1863749.48627,False,2028-11-07T00:00:00Z,"[""113510300123120868861281132282742729065975487298059944817273881893086209196585"", ""3444964147133304300560138317203877470064591148213906708394693248804691192318""]",https://polymarket.com/market/will-bernie-sanders-win-the-2028-democratic-presidential-nomination-879,75.0,elections,united_states,democratic-presidential-nominee-2028,public_or_macro_driven,False,matched elections keywords,diversity cap: country_or_region=united_states
559680,will-phil-murphy-win-the-2028-democratic-presidential-nomination-611,Will Phil Murphy win the 2028 Democratic presidential nomination?,Will Phil Murphy win the 2028 Democratic presidential nomination?,"This market will resolve to “Yes” if the named individual wins and accepts the 2028 nomination of the Democratic Party for U.S. president. Otherwise, this market will resolve to “No”.

The resolution source for this market will be a consensus of official Democratic Party sources.

Any replacement of the democratic nominee before election day will not change the resolution of the market.",,,democratic-presidential-nominee-2028,Democratic Presidential Nominee 2028,41608917.79057148,2799892.68481,False,2028-11-07T00:00:00Z,"[""81633484456710374417231462107666791993850637546563366185897100962157481970040"", ""114507466536734360808195115190160357255467689128176113085692265197019898971527""]",https://polymarket.com/market/will-phil-murphy-win-the-2028-democratic-presidential-nomination-611,75.0,elections,united_states,democratic-presidential-nominee-2028,public_or_macro_driven,False,matched elections keywords,diversity cap: country_or_region=united_states
559681,will-lebron-james-win-the-2028-democratic-presidential-nomination,Will LeBron James win the 2028 Democratic presidential nomination?,Will LeBron James win the 2028 Democratic presidential nomination?,"This market will resolve to “Yes” if the named individual wins and accepts the 2028 nomination of the Democratic Party for U.S. president. Otherwise, this market will resolve to “No”.

The resolution source for this market will be a consensus of official Democratic Party sources.

Any replacement of the democratic nominee before election day will not change the resolution of the market.",,,democratic-presidential-nominee-2028,Democratic Presidential Nominee 2028,43516582.498386845,2800054.54318,False,2028-11-07T00:00:00Z,"[""100561779829530520068956424581003844045516012444425572625523659025114550346085"", ""46254744034025107660239982269249567113656697231872036621777316158933638064598""]",https://polymarket.com/market/will-lebron-james-win-the-2028-democratic-presidential-nomination,75.0,elections,united_states,democratic-presidential-nominee-2028,public_or_macro_driven,False,matched elections keywords,diversity cap: country_or_region=united_states
559682,will-person-a-win-the-2028-democratic-presidential-nomination,Will Hunter Biden win the 2028 Democratic presidential nomination?,Will Hunter Biden win the 2028 Democratic presidential nomination?,"This market will resolve to “Yes” if the named individual wins and accepts the 2028 nomination of the Democratic Party for U.S. president. Otherwise, this market will resolve to “No”.

The resolution source for this market will be a consensus of official Democratic Party sources.

Any replacement of the democratic nominee before election day will not change the resolution of the market.",,,democratic-presidential-nominee-2028,Democratic Presidential Nominee 2028,43508747.73648965,1410479.63735,False,2028-11-07T00:00:00Z,"[""11343337042526652606304508556838778144915122118685013460142819817079620240439"", ""19117858613830240204442128472263675815111662346578092643025820800380629933012""]",https://polymarket.com/market/will-person-a-win-the-2028-democratic-presidential-nomination,75.0,elections,united_states,democratic-presidential-nominee-2028,public_or_macro_driven,False,matched elections keywords,diversity cap: country_or_region=united_states
559683,will-george-clooney-win-the-2028-democratic-presidential-nomination,Will George Clooney win the 2028 Democratic presidential nomination?,Will George Clooney win the 2028 Democratic presidential nomination?,"This market will resolve to “Yes” if the named individual wins and accepts the 2028 nomination of the Democratic Party for U.S. president. Otherwise, this market will resolve to “No”.

The resolution source for this market will be a consensus of official Democratic Party sources.

Any replacement of the democratic nominee before election day will not change the resolution of the market.",,,democratic-presidential-nominee-2028,Democratic Presidential Nominee 2028,42226763.79340442,2744009.10384,False,2028-11-07T00:00:00Z,"[""48218088132821386640274752564592889805082274744128282833036735027928992155024"", ""5645396948464928632054207670692862818297222862819597089648758232622731040046""]",https://polymarket.com/market/will-george-clooney-win-the-2028-democratic-presidential-nomination,75.0,elections,united_states,democratic-presidential-nominee-2028,public_or_macro_driven,False,matched elections keywords,diversity cap: country_or_region=united_states
559684,will-chelsea-clinton-win-the-2028-democratic-presidential-nomination,Will Chelsea Clinton win the 2028 Democratic presidential nomination?,Will Chelsea Clinton win the 2028 Democratic presidential nomination?,"This market will resolve to “Yes” if the named individual wins and accepts the 2028 nomination of the Democratic Party for U.S. president. Otherwise, this market will resolve to “No”.

The resolution source for this market will be a consensus of official Democratic Party sources.

Any replacement of the democratic nominee before election day will not change the resolution of the market.",,,democratic-presidential-nominee-2028,Democratic Presidential Nominee 2028,49894999.140840545,714401.23578,False,2028-11-07T00:00:00Z,"[""46211769122513729244602558513001215391004042100934296321661285791281233261657"", ""76057920052421891902791411567177996435483774677774664174053982044923692373687""]",https://polymarket.com/market/will-chelsea-clinton-win-the-2028-democratic-presidential-nomination,75.0,elections,united_states,democratic-presidential-nominee-2028,public_or_macro_driven,False,matched elections keywords,diversity cap: country_or_region=united_states
559685,will-mrbeast-win-the-2028-democratic-presidential-nomination,Will MrBeast win the 2028 Democratic presidential nomination?,Will MrBeast win the 2028 Democratic presidential nomination?,"This market will resolve to “Yes” if the named individual wins and accepts the 2028 nomination of the Democratic Party for U.S. president. Otherwise, this market will resolve to “No”.

The resolution source for this market will be a consensus of official Democratic Party sources.

Any replacement of the democratic nominee before election day will not change the resolution of the market.",,,democratic-presidential-nominee-2028,Democratic Presidential Nominee 2028,39644202.51081688,2689464.08777,False,2028-11-07T00:00:00Z,"[""51035537065442638321333063915918274102446051033989435618245745345113522914516"", ""93910251767329056141706007839545721784238465183449597462421810827705938093892""]",https://polymarket.com/market/will-mrbeast-win-the-2028-democratic-presidential-nomination,75.0,elections,united_states,democratic-presidential-nominee-2028,public_or_macro_driven,False,matched elections keywords,diversity cap: country_or_region=united_states
559678,will-liz-cheney-win-the-2028-democratic-presidential-nomination-551,Will Liz Cheney win the 2028 Democratic presidential nomination?,Will Liz Cheney win the 2028 Democratic presidential nomination?,"This market will resolve to “Yes” if the named individual wins and accepts the 2028 nomination of the Democratic Party for U.S. president. Otherwise, this market will resolve to “No”.

The resolution source for this market will be a consensus of official Democratic Party sources.

Any replacement of the democratic nominee before election day will not change the resolution of the market.",,,democratic-presidential-nominee-2028,Democratic Presidential Nominee 2028,38046226.87627103,2530444.30319,False,2028-11-07T00:00:00Z,"[""41340056280794024415573839406074658402877379128871144681466050648033201160259"", ""63802361760137863513735993346883582181207639895442036953936089060482564982249""]",https://polymarket.com/market/will-liz-cheney-win-the-2028-democratic-presidential-nomination-551,75.0,elections,united_states,democratic-presidential-nominee-2028,public_or_macro_driven,False,matched elections keywords,diversity cap: country_or_region=united_states
559686,will-dwayne-the-rock-johnson-win-the-2028-democratic-presidential-nomination,Will Dwayne 'The Rock' Johnson win the 2028 Democratic presidential nomination?,Will Dwayne 'The Rock' Johnson win the 2028 Democratic presidential nomination?,"This market will resolve to “Yes” if the named individual wins and accepts the 2028 nomination of the Democratic Party for U.S. president. Otherwise, this market will resolve to “No”.

The resolution source for this market will be a consensus of official Democratic Party sources.

Any replacement of the democratic nominee before election day will not change the resolution of the market.",,,democratic-presidential-nominee-2028,Democratic Presidential Nominee 2028,12272488.465817064,893082.0034,False,2028-11-07T00:00:00Z,"[""40963724357262746498642320898188195118391211877976821531149510360187173789737"", ""14959910401705469574520698331840889689202579612030624016640567510369602599866""]",https://polymarket.com/market/will-dwayne-the-rock-johnson-win-the-2028-democratic-presidential-nomination,75.0,elections,united_states,democratic-presidential-nominee-2028,public_or_macro_driven,False,matched elections keywords,diversity cap: country_or_region=united_states
559687,will-oprah-winfrey-win-the-2028-democratic-presidential-nomination,Will Oprah Winfrey win the 2028 Democratic presidential nomination?,Will Oprah Winfrey win the 2028 Democratic presidential nomination?,"This market will resolve to “Yes” if the named individual wins and accepts the 2028 nomination of the Democratic Party for U.S. president. Otherwise, this market will resolve to “No”.

The resolution source for this market will be a consensus of official Democratic Party sources.

Any replacement of the democratic nominee before election day will not change the resolution of the market.",,,democratic-presidential-nominee-2028,Democratic Presidential Nominee 2028,54032910.484837085,2810305.2793,False,2028-11-07T00:00:00Z,"[""2213957649161627793381994368131485505647723208738124952452819345058597751695"", ""44046525152074436753629616217525652949736205933417533647338274649282385796755""]",https://polymarket.com/market/will-oprah-winfrey-win-the-2028-democratic-presidential-nomination,75.0,elections,united_states,democratic-presidential-nominee-2028,public_or_macro_driven,False,matched elections keywords,diversity cap: country_or_region=united_states
559689,will-beto-orourke-win-the-2028-democratic-presidential-nomination,Will Beto O’Rourke win the 2028 Democratic presidential nomination?,Will Beto O’Rourke win the 2028 Democratic presidential nomination?,"This market will resolve to “Yes” if the named individual wins and accepts the 2028 nomination of the Democratic Party for U.S. president. Otherwise, this market will resolve to “No”.

The resolution source for this market will be a consensus of official Democratic Party sources.

Any replacement of the democratic nominee before election day will not change the resolution of the market.",,,democratic-presidential-nominee-2028,Democratic Presidential Nominee 2028,42232922.485194586,2684530.02381,False,2028-11-07T00:00:00Z,"[""37126434962149084556522721025504254258386171468763869879755961635390358765833"", ""2426274669138238576933962603416907393958833898063513872892433203206006096668""]",https://polymarket.com/market/will-beto-orourke-win-the-2028-democratic-presidential-nomination,75.0,elections,united_states,democratic-presidential-nominee-2028,public_or_macro_driven,False,matched elections keywords,diversity cap: country_or_region=united_states
559688,will-andrew-yang-win-the-2028-democratic-presidential-nomination,Will Andrew Yang win the 2028 Democratic presidential nomination?,Will Andrew Yang win the 2028 Democratic presidential nomination?,"This market will resolve to “Yes” if the named individual wins and accepts the 2028 nomination of the Democratic Party for U.S. president. Otherwise, this market will resolve to “No”.

The resolution source for this market will be a consensus of official Democratic Party sources.

Any replacement of the democratic nominee before election day will not change the resolution of the market.",,,democratic-presidential-nominee-2028,Democratic Presidential Nominee 2028,47998801.10617491,2654929.20384,False,2028-11-07T00:00:00Z,"[""102504892414163237174864879683522880588750452841477290216845150938663289742135"", ""21234886083000978203440582985665409733123024063268807484684316771005736994028""]",https://polymarket.com/market/will-andrew-yang-win-the-2028-democratic-presidential-nomination,75.0,elections,united_states,democratic-presidential-nominee-2028,public_or_macro_driven,False,matched elections keywords,diversity cap: country_or_region=united_states
559691,will-chris-murphy-win-the-2028-democratic-presidential-nomination,Will Chris Murphy win the 2028 Democratic presidential nomination?,Will Chris Murphy win the 2028 Democratic presidential nomination?,"This market will resolve to “Yes” if the named individual wins and accepts the 2028 nomination of the Democratic Party for U.S. president. Otherwise, this market will resolve to “No”.

The resolution source for this market will be a consensus of official Democratic Party sources.

Any replacement of the democratic nominee before election day will not change the resolution of the market.",,,democratic-presidential-nominee-2028,Democratic Presidential Nominee 2028,16965364.975054685,1937860.7152,False,2028-11-07T00:00:00Z,"[""8815924480259634499011776432080696931704057619336093802050596292915996723758"", ""45099054006923138281311463758770234951153596952213440096254242321807308634603""]",https://polymarket.com/market/will-chris-murphy-win-the-2028-democratic-presidential-nomination,75.0,elections,united_states,democratic-presidential-nominee-2028,public_or_macro_driven,False,matched elections keywords,diversity cap: country_or_region=united_states
559692,will-jasmine-crockett-win-the-2028-democratic-presidential-nomination,Will Jasmine Crockett win the 2028 Democratic presidential nomination?,Will Jasmine Crockett win the 2028 Democratic presidential nomination?,"This market will resolve to “Yes” if the named individual wins and accepts the 2028 nomination of the Democratic Party for U.S. president. Otherwise, this market will resolve to “No”.

The resolution source for this market will be a consensus of official Democratic Party sources.

Any replacement of the democratic nominee before election day will not change the resolution of the market.",,,democratic-presidential-nominee-2028,Democratic Presidential Nominee 2028,35461616.74790273,2833639.3509,False,2028-11-07T00:00:00Z,"[""22103094389913052942362639589409218272323168761614999702665821259175535456835"", ""10893367019711826592833821276710094799225035200719824531380610476790390190688""]",https://polymarket.com/market/will-jasmine-crockett-win-the-2028-democratic-presidential-nomination,75.0,elections,united_states,democratic-presidential-nominee-2028,public_or_macro_driven,False,matched elections keywords,diversity cap: country_or_region=united_states
559693,will-ruben-gallego-win-the-2028-democratic-presidential-nomination,Will Ruben Gallego win the 2028 Democratic presidential nomination?,Will Ruben Gallego win the 2028 Democratic presidential nomination?,"This market will resolve to “Yes” if the named individual wins and accepts the 2028 nomination of the Democratic Party for U.S. president. Otherwise, this market will resolve to “No”.

The resolution source for this market will be a consensus of official Democratic Party sources.

Any replacement of the democratic nominee before election day will not change the resolution of the market.",,,democratic-presidential-nominee-2028,Democratic Presidential Nominee 2028,8127618.580180035,1194166.47173,False,2028-11-07T00:00:00Z,"[""94658518227479141344875476648819337938746150529318297759951212169676959854478"", ""89549550119611798541187132573193884477265258658615163602217456913355320927577""]",https://polymarket.com/market/will-ruben-gallego-win-the-2028-democratic-presidential-nomination,75.0,elections,united_states,democratic-presidential-nominee-2028,public_or_macro_driven,False,matched elections keywords,diversity cap: country_or_region=united_states
559690,will-kim-kardashian-win-the-2028-democratic-presidential-nomination,Will Kim Kardashian win the 2028 Democratic presidential nomination?,Will Kim Kardashian win the 2028 Democratic presidential nomination?,"This market will resolve to “Yes” if the named individual wins and accepts the 2028 nomination of the Democratic Party for U.S. president. Otherwise, this market will resolve to “No”.

The resolution source for this market will be a consensus of official Democratic Party sources.

Any replacement of the democratic nominee before election day will not change the resolution of the market.",,,democratic-presidential-nominee-2028,Democratic Presidential Nominee 2028,41934600.64368724,2863895.45421,False,2028-11-07T00:00:00Z,"[""55087250670040717711131370018408221134109122974378698780636020561523521220754"", ""108145967398435925971960442906832714254932011684365058146885679351681137451999""]",https://polymarket.com/market/will-kim-kardashian-win-the-2028-democratic-presidential-nomination,75.0,elections,united_states,democratic-presidential-nominee-2028,public_or_macro_driven,False,matched elections keywords,diversity cap: country_or_region=united_states
559694,will-ro-khanna-win-the-2028-democratic-presidential-nomination,Will Ro Khanna win the 2028 Democratic presidential nomination?,Will Ro Khanna win the 2028 Democratic presidential nomination?,"This market will resolve to “Yes” if the named individual wins and accepts the 2028 nomination of the Democratic Party for U.S. president. Otherwise, this market will resolve to “No”.

The resolution source for this market will be a consensus of official Democratic Party sources.

Any replacement of the democratic nominee before election day will not change the resolution of the market.",,,democratic-presidential-nominee-2028,Democratic Presidential Nominee 2028,11016253.468138533,280129.5875,False,2028-11-07T00:00:00Z,"[""20374050108659687356429749447884880983779889840007423115803042125707701269498"", ""2610336024939503976910443133965525155112118948066646227040491461288298872236""]",https://polymarket.com/market/will-ro-khanna-win-the-2028-democratic-presidential-nomination,75.0,elections,united_states,democratic-presidential-nominee-2028,public_or_macro_driven,False,matched elections keywords,diversity cap: country_or_region=united_states
559695,will-james-talarico-win-the-2028-democratic-presidential-nomination,Will James Talarico win the 2028 Democratic presidential nomination?,Will James Talarico win the 2028 Democratic presidential nomination?,"This market will resolve to “Yes” if the named individual wins and accepts the 2028 nomination of the Democratic Party for U.S. president. Otherwise, this market will resolve to “No”.

The resolution source for this market will be a consensus of official Democratic Party sources.

Any replacement of the democratic nominee before election day will not change the resolution of the market.",,,democratic-presidential-nominee-2028,Democratic Presidential Nominee 2028,10083571.789906034,331290.06556,False,2028-11-07T00:00:00Z,"[""52535923606561722941567320365820395300598958985353103429657683100920373025261"", ""20643805904661385280242837899001038341346631607217619709766724611396929658707""]",https://polymarket.com/market/will-james-talarico-win-the-2028-democratic-presidential-nomination,75.0,elections,united_states,democratic-presidential-nominee-2028,public_or_macro_driven,False,matched elections keywords,diversity cap: country_or_region=united_states
559696,will-graham-platner-win-the-2028-democratic-presidential-nomination,Will Graham Platner win the 2028 Democratic presidential nomination?,Will Graham Platner win the 2028 Democratic presidential nomination?,"This market will resolve to “Yes” if the named individual wins and accepts the 2028 nomination of the Democratic Party for U.S. president. Otherwise, this market will resolve to “No”.

The resolution source for this market will be a consensus of official Democratic Party sources.

Any replacement of the democratic nominee before election day will not change the resolution of the market.",,,democratic-presidential-nominee-2028,Democratic Presidential Nominee 2028,7101388.703236013,2250361.18526,False,2028-11-07T00:00:00Z,"[""54840717483866263964304723492966182979723045222316848733193673523986124053075"", ""2830559553603011758209706316487895188007644895898957662939818867834634821212""]",https://polymarket.com/market/will-graham-platner-win-the-2028-democratic-presidential-nomination,75.0,elections,united_states,democratic-presidential-nominee-2028,public_or_macro_driven,False,matched elections keywords,diversity cap: country_or_region=united_states
561239,will-kamala-harris-win-the-2028-us-presidential-election,Will Kamala Harris win the 2028 US Presidential Election?,Will Kamala Harris win the 2028 US Presidential Election?,"The 2028 US Presidential Election is scheduled to take place on November 7, 2028.

This market will resolve to the person who wins the 2028 US Presidential Election.

The resolution source for this market is the Associated Press, Fox News, and NBC. This market will resolve once all three sources call the race for the same candidate. If all three sources haven’t called the race for the same candidate by the inauguration date (January 20, 2029) this market will resolve based on who is inaugurated.",,,presidential-election-winner-2028,Presidential Election Winner 2028,8347965.159769022,342503.89773,False,2028-11-07T00:00:00Z,"[""70663352401606372246362604193214664065595751757222752105245221905399175050480"", ""4988819538339626436114997160558538168652916536529198363646261454228218983102""]",https://polymarket.com/market/will-kamala-harris-win-the-2028-us-presidential-election,75.0,elections,unknown,presidential-election-winner-2028,public_or_macro_driven,False,matched elections keywords,diversity cap: event_family=presidential-election-winner-2028
561240,will-stephen-smith-win-the-2028-us-presidential-election,Will Stephen Smith win the 2028 US Presidential Election?,Will Stephen Smith win the 2028 US Presidential Election?,"The 2028 US Presidential Election is scheduled to take place on November 7, 2028.

This market will resolve to the person who wins the 2028 US Presidential Election.

The resolution source for this market is the Associated Press, Fox News, and NBC. This market will resolve once all three sources call the race for the same candidate. If all three sources haven’t called the race for the same candidate by the inauguration date (January 20, 2029) this market will resolve based on who is inaugurated.",,,presidential-election-winner-2028,Presidential Election Winner 2028,33046260.110722665,1250687.71746,False,2028-11-07T00:00:00Z,"[""105367778020161609482094090847463497982204321259381518614669619753184648647559"", ""12867420029045504056332323771270227403424313645832702673618751920867223902054""]",https://polymarket.com/market/will-stephen-smith-win-the-2028-us-presidential-election,75.0,elections,unknown,presidential-election-winner-2028,public_or_macro_driven,False,matched elections keywords,diversity cap: event_family=presidential-election-winner-2028
561241,will-jb-pritzker-win-the-2028-us-presidential-election,Will JB Pritzker win the 2028 US Presidential Election?,Will JB Pritzker win the 2028 US Presidential Election?,"The 2028 US Presidential Election is scheduled to take place on November 7, 2028.

This market will resolve to the person who wins the 2028 US Presidential Election.

The resolution source for this market is the Associated Press, Fox News, and NBC. This market will resolve once all three sources call the race for the same candidate. If all three sources haven’t called the race for the same candidate by the inauguration date (January 20, 2029) this market will resolve based on who is inaugurated.",,,presidential-election-winner-2028,Presidential Election Winner 2028,12320130.580544021,658102.32623,False,2028-11-07T00:00:00Z,"[""70948731404464821824516595498024506131170394300814446118501620719416471444076"", ""111825297267676135304812085666512747626812691749338692567733264184356420470119""]",https://polymarket.com/market/will-jb-pritzker-win-the-2028-us-presidential-election,75.0,elections,unknown,presidential-election-winner-2028,public_or_macro_driven,False,matched elections keywords,diversity cap: event_family=presidential-election-winner-2028
561242,will-tulsi-gabbard-win-the-2028-us-presidential-election,Will Tulsi Gabbard win the 2028 US Presidential Election?,Will Tulsi Gabbard win the 2028 US Presidential Election?,"The 2028 US Presidential Election is scheduled to take place on November 7, 2028.

This market will resolve to the person who wins the 2028 US Presidential Election.

The resolution source for this market is the Associated Press, Fox News, and NBC. This market will resolve once all three sources call the race for the same candidate. If all three sources haven’t called the race for the same candidate by the inauguration date (January 20, 2029) this market will resolve based on who is inaugurated.",,,presidential-election-winner-2028,Presidential Election Winner 2028,32958952.450719863,588776.29654,False,2028-11-07T00:00:00Z,"[""97633418272282627828834872960145259034624388719803091466146359304286851612172"", ""17854429586516792397214557963923647011517685971868312042416963526864862523185""]",https://polymarket.com/market/will-tulsi-gabbard-win-the-2028-us-presidential-election,75.0,elections,unknown,presidential-election-winner-2028,public_or_macro_driven,False,matched elections keywords,diversity cap: event_family=presidential-election-winner-2028
561243,will-donald-trump-win-the-2028-us-presidential-election,Will Donald Trump win the 2028 US Presidential Election?,Will Donald Trump win the 2028 US Presidential Election?,"The 2028 US Presidential Election is scheduled to take place on November 7, 2028.

This market will resolve to the person who wins the 2028 US Presidential Election.

The resolution source for this market is the Associated Press, Fox News, and NBC. This market will resolve once all three sources call the race for the same candidate. If all three sources haven’t called the race for the same candidate by the inauguration date (January 20, 2029) this market will resolve based on who is inaugurated.",,,presidential-election-winner-2028,Presidential Election Winner 2028,8816934.78033625,777452.68189,False,2028-11-07T00:00:00Z,"[""11807691644868166983390207408868795383945915035851758101409310535538572683733"", ""72656506786460378316387284276713856836841708169262528054985577978493419440428""]",https://polymarket.com/market/will-donald-trump-win-the-2028-us-presidential-election,75.0,elections,united_states,presidential-election-winner-2028,public_or_macro_driven,False,matched elections keywords,diversity cap: country_or_region=united_states
561244,will-donald-trump-jr-win-the-2028-us-presidential-election,Will Donald Trump Jr. win the 2028 US Presidential Election?,Will Donald Trump Jr. win the 2028 US Presidential Election?,"The 2028 US Presidential Election is scheduled to take place on November 7, 2028.

This market will resolve to the person who wins the 2028 US Presidential Election.

The resolution source for this market is the Associated Press, Fox News, and NBC. This market will resolve once all three sources call the race for the same candidate. If all three sources haven’t called the race for the same candidate by the inauguration date (January 20, 2029) this market will resolve based on who is inaugurated.",,,presidential-election-winner-2028,Presidential Election Winner 2028,13294872.513732787,835822.19554,False,2028-11-07T00:00:00Z,"[""77660944053451874285291959901958937238149180369572698706675030657716494119346"", ""52761630651452310319295064365704431564140478140269624735570317771849185169635""]",https://polymarket.com/market/will-donald-trump-jr-win-the-2028-us-presidential-election,75.0,elections,united_states,presidential-election-winner-2028,public_or_macro_driven,False,matched elections keywords,diversity cap: country_or_region=united_states
561245,will-nikki-haley-win-the-2028-us-presidential-election,Will Nikki Haley win the 2028 US Presidential Election?,Will Nikki Haley win the 2028 US Presidential Election?,"The 2028 US Presidential Election is scheduled to take place on November 7, 2028.

This market will resolve to the person who wins the 2028 US Presidential Election.

The resolution source for this market is the Associated Press, Fox News, and NBC. This market will resolve once all three sources call the race for the same candidate. If all three sources haven’t called the race for the same candidate by the inauguration date (January 20, 2029) this market will resolve based on who is inaugurated.",,,presidential-election-winner-2028,Presidential Election Winner 2028,28180470.814407278,2118301.48736,False,2028-11-07T00:00:00Z,"[""14253956839582698877884742930225331487593177635330318923853046874994118249367"", ""84386913213192310444216977895083273572419886997719576824320630372812149173320""]",https://polymarket.com/market/will-nikki-haley-win-the-2028-us-presidential-election,75.0,elections,unknown,presidential-election-winner-2028,public_or_macro_driven,False,matched elections keywords,diversity cap: event_family=presidential-election-winner-2028
561246,will-ron-desantis-win-the-2028-us-presidential-election,Will Ron DeSantis win the 2028 US Presidential Election?,Will Ron DeSantis win the 2028 US Presidential Election?,"The 2028 US Presidential Election is scheduled to take place on November 7, 2028.

This market will resolve to the person who wins the 2028 US Presidential Election.

The resolution source for this market is the Associated Press, Fox News, and NBC. This market will resolve once all three sources call the race for the same candidate. If all three sources haven’t called the race for the same candidate by the inauguration date (January 20, 2029) this market will resolve based on who is inaugurated.",,,presidential-election-winner-2028,Presidential Election Winner 2028,12087825.14400815,210497.86507,False,2028-11-07T00:00:00Z,"[""104480514270625615787868282411330496385404675495672110015326625654626015018993"", ""65724430065358897810064400118831287249960059855415477063660293398018349529272""]",https://polymarket.com/market/will-ron-desantis-win-the-2028-us-presidential-election,75.0,elections,unknown,presidential-election-winner-2028,public_or_macro_driven,False,matched elections keywords,diversity cap: event_family=presidential-election-winner-2028
561247,will-tim-walz-win-the-2028-us-presidential-election,Will Tim Walz win the 2028 US Presidential Election?,Will Tim Walz win the 2028 US Presidential Election?,"The 2028 US Presidential Election is scheduled to take place on November 7, 2028.

This market will resolve to the person who wins the 2028 US Presidential Election.

The resolution source for this market is the Associated Press, Fox News, and NBC. This market will resolve once all three sources call the race for the same candidate. If all three sources haven’t called the race for the same candidate by the inauguration date (January 20, 2029) this market will resolve based on who is inaugurated.",,,presidential-election-winner-2028,Presidential Election Winner 2028,43347528.40815313,1900497.0553,False,2028-11-07T00:00:00Z,"[""2638997461401140008448476093092229850740161649668999975101243681118238509713"", ""31711509411930636383466083293019394636501894118049148509527295292186501260570""]",https://polymarket.com/market/will-tim-walz-win-the-2028-us-presidential-election,75.0,elections,unknown,presidential-election-winner-2028,public_or_macro_driven,False,matched elections keywords,diversity cap: event_family=presidential-election-winner-2028
561248,will-vivek-ramaswamy-win-the-2028-us-presidential-election,Will Vivek Ramaswamy win the 2028 US Presidential Election?,Will Vivek Ramaswamy win the 2028 US Presidential Election?,"The 2028 US Presidential Election is scheduled to take place on November 7, 2028.

This market will resolve to the person who wins the 2028 US Presidential Election.

The resolution source for this market is the Associated Press, Fox News, and NBC. This market will resolve once all three sources call the race for the same candidate. If all three sources haven’t called the race for the same candidate by the inauguration date (January 20, 2029) this market will resolve based on who is inaugurated.",,,presidential-election-winner-2028,Presidential Election Winner 2028,36372732.22483609,1513433.30974,False,2028-11-07T00:00:00Z,"[""48067717079255656974334181122173546721823870434119599450595298250019538972254"", ""50325246165657443726245430907883748796540778371466135108478470877169556977248""]",https://polymarket.com/market/will-vivek-ramaswamy-win-the-2028-us-presidential-election,75.0,elections,unknown,presidential-election-winner-2028,public_or_macro_driven,False,matched elections keywords,diversity cap: event_family=presidential-election-winner-2028
561249,will-greg-abbott-win-the-2028-us-presidential-election,Will Greg Abbott win the 2028 US Presidential Election?,Will Greg Abbott win the 2028 US Presidential Election?,"The 2028 US Presidential Election is scheduled to take place on November 7, 2028.

This market will resolve to the person who wins the 2028 US Presidential Election.

The resolution source for this market is the Associated Press, Fox News, and NBC. This market will resolve once all three sources call the race for the same candidate. If all three sources haven’t called the race for the same candidate by the inauguration date (January 20, 2029) this market will resolve based on who is inaugurated.",,,presidential-election-winner-2028,Presidential Election Winner 2028,34941752.214749664,2253328.03306,False,2028-11-07T00:00:00Z,"[""58585097107933138034126275600204468509993701936571284309823871593297754181479"", ""104431860535489654020481219089291817898241901940037260095979653681449084465327""]",https://polymarket.com/market/will-greg-abbott-win-the-2028-us-presidential-election,75.0,elections,unknown,presidential-election-winner-2028,public_or_macro_driven,False,matched elections keywords,diversity cap: event_family=presidential-election-winner-2028
561250,will-elon-musk-win-the-2028-us-presidential-election,Will Elon Musk win the 2028 US Presidential Election?,Will Elon Musk win the 2028 US Presidential Election?,"The 2028 US Presidential Election is scheduled to take place on November 7, 2028.

This market will resolve to the person who wins the 2028 US Presidential Election.

The resolution source for this market is the Associated Press, Fox News, and NBC. This market will resolve once all three sources call the race for the same candidate. If all three sources haven’t called the race for the same candidate by the inauguration date (January 20, 2029) this market will resolve based on who is inaugurated.",,,presidential-election-winner-2028,Presidential Election Winner 2028,25401495.88038107,1697453.31193,False,2028-11-07T00:00:00Z,"[""26641906520532802078452346454133721131611596169940893262820937050881742190686"", ""59064132013843281708610372809406242099497812053529304284160897825180883604145""]",https://polymarket.com/market/will-elon-musk-win-the-2028-us-presidential-election,75.0,elections,unknown,presidential-election-winner-2028,public_or_macro_driven,False,matched elections keywords,diversity cap: event_family=presidential-election-winner-2028
561251,will-lebron-james-win-the-2028-us-presidential-election,Will LeBron James win the 2028 US Presidential Election?,Will LeBron James win the 2028 US Presidential Election?,"The 2028 US Presidential Election is scheduled to take place on November 7, 2028.

This market will resolve to the person who wins the 2028 US Presidential Election.

The resolution source for this market is the Associated Press, Fox News, and NBC. This market will resolve once all three sources call the race for the same candidate. If all three sources haven’t called the race for the same candidate by the inauguration date (January 20, 2029) this market will resolve based on who is inaugurated.",,,presidential-election-winner-2028,Presidential Election Winner 2028,53655795.253755376,2380498.61093,False,2028-11-07T00:00:00Z,"[""39223330966352513418907732239455948906399882924787587183466504819170775983376"", ""50862799703982327636174441241062907649998751737045006653560124656563256528691""]",https://polymarket.com/market/will-lebron-james-win-the-2028-us-presidential-election,75.0,elections,unknown,presidential-election-winner-2028,public_or_macro_driven,False,matched elections keywords,diversity cap: event_family=presidential-election-winner-2028
561252,will-dwayne-the-rock-johnson-win-the-2028-us-presidential-election,Will Dwayne 'The Rock' Johnson win the 2028 US Presidential Election?,Will Dwayne 'The Rock' Johnson win the 2028 US Presidential Election?,"The 2028 US Presidential Election is scheduled to take place on November 7, 2028.

This market will resolve to the person who wins the 2028 US Presidential Election.

The resolution source for this market is the Associated Press, Fox News, and NBC. This market will resolve once all three sources call the race for the same candidate. If all three sources haven’t called the race for the same candidate by the inauguration date (January 20, 2029) this market will resolve based on who is inaugurated.",,,presidential-election-winner-2028,Presidential Election Winner 2028,8006881.040195021,188465.77123,False,2028-11-07T00:00:00Z,"[""76252402837334795047528042167618984089231134882494719641438604550246396692717"", ""82779978600617806806814031291287454099780828258739355925042203335968508676880""]",https://polymarket.com/market/will-dwayne-the-rock-johnson-win-the-2028-us-presidential-election,75.0,elections,unknown,presidential-election-winner-2028,public_or_macro_driven,False,matched elections keywords,diversity cap: event_family=presidential-election-winner-2028
561253,will-tucker-carlson-win-the-2028-us-presidential-election,Will Tucker Carlson win the 2028 US Presidential Election?,Will Tucker Carlson win the 2028 US Presidential Election?,"The 2028 US Presidential Election is scheduled to take place on November 7, 2028.

This market will resolve to the person who wins the 2028 US Presidential Election.

The resolution source for this market is the Associated Press, Fox News, and NBC. This market will resolve once all three sources call the race for the same candidate. If all three sources haven’t called the race for the same candidate by the inauguration date (January 20, 2029) this market will resolve based on who is inaugurated.",,,presidential-election-winner-2028,Presidential Election Winner 2028,13567731.196758203,333513.49463,False,2028-11-07T00:00:00Z,"[""45015916581148592087728250896178171120552786117190685135618507471166113474733"", ""5353194854864999214467212176625447374807704051407621946584152368216621932371""]",https://polymarket.com/market/will-tucker-carlson-win-the-2028-us-presidential-election,75.0,elections,unknown,presidential-election-winner-2028,public_or_macro_driven,False,matched elections keywords,diversity cap: event_family=presidential-election-winner-2028
561254,will-kim-kardashian-win-the-2028-us-presidential-election,Will Kim Kardashian win the 2028 US Presidential Election?,Will Kim Kardashian win the 2028 US Presidential Election?,"The 2028 US Presidential Election is scheduled to take place on November 7, 2028.

This market will resolve to the person who wins the 2028 US Presidential Election.

The resolution source for this market is the Associated Press, Fox News, and NBC. This market will resolve once all three sources call the race for the same candidate. If all three sources haven’t called the race for the same candidate by the inauguration date (January 20, 2029) this market will resolve based on who is inaugurated.",,,presidential-election-winner-2028,Presidential Election Winner 2028,38603805.5170015,1878573.17675,False,2028-11-07T00:00:00Z,"[""24863363384036117015867671383779186335047493791693657275104567365292353535818"", ""44632793419668141561343859504077903947361590865219599333832862239708628173864""]",https://polymarket.com/market/will-kim-kardashian-win-the-2028-us-presidential-election,75.0,elections,unknown,presidential-election-winner-2028,public_or_macro_driven,False,matched elections keywords,diversity cap: event_family=presidential-election-winner-2028
561255,will-ivanka-trump-win-the-2028-us-presidential-election,Will Ivanka Trump win the 2028 US Presidential Election?,Will Ivanka Trump win the 2028 US Presidential Election?,"The 2028 US Presidential Election is scheduled to take place on November 7, 2028.

This market will resolve to the person who wins the 2028 US Presidential Election.

The resolution source for this market is the Associated Press, Fox News, and NBC. This market will resolve once all three sources call the race for the same candidate. If all three sources haven’t called the race for the same candidate by the inauguration date (January 20, 2029) this market will resolve based on who is inaugurated.",,,presidential-election-winner-2028,Presidential Election Winner 2028,7466353.093835115,738327.15055,False,2028-11-07T00:00:00Z,"[""40932864651005132434669457369564353816786330205469778285035893634458129671101"", ""56215025902031889702122383201324191240581604266667334383154318117703136383150""]",https://polymarket.com/market/will-ivanka-trump-win-the-2028-us-presidential-election,75.0,elections,united_states,presidential-election-winner-2028,public_or_macro_driven,False,matched elections keywords,diversity cap: country_or_region=united_states
561256,will-zohran-mamdani-win-the-2028-us-presidential-election,Will Zohran Mamdani win the 2028 US Presidential Election?,Will Zohran Mamdani win the 2028 US Presidential Election?,"The 2028 US Presidential Election is scheduled to take place on November 7, 2028.

This market will resolve to the person who wins the 2028 US Presidential Election.

The resolution source for this market is the Associated Press, Fox News, and NBC. This market will resolve once all three sources call the race for the same candidate. If all three sources haven’t called the race for the same candidate by the inauguration date (January 20, 2029) this market will resolve based on who is inaugurated.",,,presidential-election-winner-2028,Presidential Election Winner 2028,21241433.754268605,1874580.25738,False,2028-11-07T00:00:00Z,"[""94621929236241392639802280031607240386237812521756048982107414565863464212526"", ""37476438367629084207797870684242875797541797912993121111059056752005821579571""]",https://polymarket.com/market/will-zohran-mamdani-win-the-2028-us-presidential-election,75.0,elections,unknown,presidential-election-winner-2028,public_or_macro_driven,False,matched elections keywords,diversity cap: event_family=presidential-election-winner-2028
561257,will-michelle-obama-win-the-2028-us-presidential-election,Will Michelle Obama win the 2028 US Presidential Election?,Will Michelle Obama win the 2028 US Presidential Election?,"The 2028 US Presidential Election is scheduled to take place on November 7, 2028.

This market will resolve to the person who wins the 2028 US Presidential Election.

The resolution source for this market is the Associated Press, Fox News, and NBC. This market will resolve once all three sources call the race for the same candidate. If all three sources haven’t called the race for the same candidate by the inauguration date (January 20, 2029) this market will resolve based on who is inaugurated.",,,presidential-election-winner-2028,Presidential Election Winner 2028,18069938.491216913,1600876.71162,False,2028-11-07T00:00:00Z,"[""88521269813605705303364598280494261510300497312149869577251450871617962933121"", ""1970496541508335019913900195809032484597886384784144327835472760880523550630""]",https://polymarket.com/market/will-michelle-obama-win-the-2028-us-presidential-election,75.0,elections,unknown,presidential-election-winner-2028,public_or_macro_driven,False,matched elections keywords,diversity cap: event_family=presidential-election-winner-2028
561258,will-jamie-dimon-win-the-2028-us-presidential-election,Will Jamie Dimon win the 2028 US Presidential Election?,Will Jamie Dimon win the 2028 US Presidential Election?,"The 2028 US Presidential Election is scheduled to take place on November 7, 2028.

This market will resolve to the person who wins the 2028 US Presidential Election.

The resolution source for this market is the Associated Press, Fox News, and NBC. This market will resolve once all three sources call the race for the same candidate. If all three sources haven’t called the race for the same candidate by the inauguration date (January 20, 2029) this market will resolve based on who is inaugurated.",,,presidential-election-winner-2028,Presidential Election Winner 2028,10466507.876331074,933697.80523,False,2028-11-07T00:00:00Z,"[""23692929455124171734375794579007643086071570310019729232490607671061438183936"", ""30050897091642315762983745166096629857367320723415212749446858994810226049012""]",https://polymarket.com/market/will-jamie-dimon-win-the-2028-us-presidential-election,75.0,elections,unknown,presidential-election-winner-2028,public_or_macro_driven,False,matched elections keywords,diversity cap: event_family=presidential-election-winner-2028
561259,will-ro-khanna-win-the-2028-us-presidential-election,Will Ro Khanna win the 2028 US Presidential Election?,Will Ro Khanna win the 2028 US Presidential Election?,"The 2028 US Presidential Election is scheduled to take place on November 7, 2028.

This market will resolve to the person who wins the 2028 US Presidential Election.

The resolution source for this market is the Associated Press, Fox News, and NBC. This market will resolve once all three sources call the race for the same candidate. If all three sources haven’t called the race for the same candidate by the inauguration date (January 20, 2029) this market will resolve based on who is inaugurated.",,,presidential-election-winner-2028,Presidential Election Winner 2028,10340847.352592167,291788.36095,False,2028-11-07T00:00:00Z,"[""45264462342307496826883801236629887275526404999716050689931105511159370296978"", ""21034003091803474219272633665814818485285721473911024023600356649009960505229""]",https://polymarket.com/market/will-ro-khanna-win-the-2028-us-presidential-election,75.0,elections,unknown,presidential-election-winner-2028,public_or_macro_driven,False,matched elections keywords,diversity cap: event_family=presidential-election-winner-2028
561260,will-thomas-massie-win-the-2028-us-presidential-election,Will Thomas Massie win the 2028 US Presidential Election?,Will Thomas Massie win the 2028 US Presidential Election?,"The 2028 US Presidential Election is scheduled to take place on November 7, 2028.

This market will resolve to the person who wins the 2028 US Presidential Election.

The resolution source for this market is the Associated Press, Fox News, and NBC. This market will resolve once all three sources call the race for the same candidate. If all three sources haven’t called the race for the same candidate by the inauguration date (January 20, 2029) this market will resolve based on who is inaugurated.",,,presidential-election-winner-2028,Presidential Election Winner 2028,7557233.320018934,572160.68069,False,2028-11-07T00:00:00Z,"[""89071282556584199015490241074221756662667488270789034763702585258138302536112"", ""18620821165547265880582330532076859546462061138941862890257010665389427790094""]",https://polymarket.com/market/will-thomas-massie-win-the-2028-us-presidential-election,75.0,elections,unknown,presidential-election-winner-2028,public_or_macro_driven,False,matched elections keywords,diversity cap: event_family=presidential-election-winner-2028
561261,will-jon-ossoff-win-the-2028-us-presidential-election,Will Jon Ossoff win the 2028 US Presidential Election?,Will Jon Ossoff win the 2028 US Presidential Election?,"The 2028 US Presidential Election is scheduled to take place on November 7, 2028.

This market will resolve to the person who wins the 2028 US Presidential Election.

The resolution source for this market is the Associated Press, Fox News, and NBC. This market will resolve once all three sources call the race for the same candidate. If all three sources haven’t called the race for the same candidate by the inauguration date (January 20, 2029) this market will resolve based on who is inaugurated.",,,presidential-election-winner-2028,Presidential Election Winner 2028,5068198.953801976,369918.93914,False,2028-11-07T00:00:00Z,"[""110102705199530588976777616718115948005824665233400132417374621750887344831757"", ""98394838816403247684221016468696784125095120854407803889228262583112436699261""]",https://polymarket.com/market/will-jon-ossoff-win-the-2028-us-presidential-election,75.0,elections,unknown,presidential-election-winner-2028,public_or_macro_driven,False,matched elections keywords,diversity cap: event_family=presidential-election-winner-2028
561262,will-james-talarico-win-the-2028-us-presidential-election,Will James Talarico win the 2028 US Presidential Election?,Will James Talarico win the 2028 US Presidential Election?,"The 2028 US Presidential Election is scheduled to take place on November 7, 2028.

This market will resolve to the person who wins the 2028 US Presidential Election.

The resolution source for this market is the Associated Press, Fox News, and NBC. This market will resolve once all three sources call the race for the same candidate. If all three sources haven’t called the race for the same candidate by the inauguration date (January 20, 2029) this market will resolve based on who is inaugurated.",,,presidential-election-winner-2028,Presidential Election Winner 2028,6425814.707020042,1019734.47626,False,2028-11-07T00:00:00Z,"[""92909595831677784305960426832337551335132297174712723670055008600724483830120"", ""26699870693127605012594021642110712356790266877635966965879322906179628109191""]",https://polymarket.com/market/will-james-talarico-win-the-2028-us-presidential-election,75.0,elections,unknown,presidential-election-winner-2028,public_or_macro_driven,False,matched elections keywords,diversity cap: event_family=presidential-election-winner-2028
561263,will-eric-trump-win-the-2028-us-presidential-election,Will Eric Trump win the 2028 US Presidential Election?,Will Eric Trump win the 2028 US Presidential Election?,"The 2028 US Presidential Election is scheduled to take place on November 7, 2028.

This market will resolve to the person who wins the 2028 US Presidential Election.

The resolution source for this market is the Associated Press, Fox News, and NBC. This market will resolve once all three sources call the race for the same candidate. If all three sources haven’t called the race for the same candidate by the inauguration date (January 20, 2029) this market will resolve based on who is inaugurated.",,,presidential-election-winner-2028,Presidential Election Winner 2028,18151243.975635134,2177820.93841,False,2028-11-07T00:00:00Z,"[""67028631656597977031363620447645908995417871899828777750494099295092202422178"", ""92435534412344629891924787958876018882926476169555134960124357040149315497159""]",https://polymarket.com/market/will-eric-trump-win-the-2028-us-presidential-election,75.0,elections,united_states,presidential-election-winner-2028,public_or_macro_driven,False,matched elections keywords,diversity cap: country_or_region=united_states
561264,will-pete-hegseth-win-the-2028-us-presidential-election,Will Pete Hegseth win the 2028 US Presidential Election?,Will Pete Hegseth win the 2028 US Presidential Election?,"The 2028 US Presidential Election is scheduled to take place on November 7, 2028.

This market will resolve to the person who wins the 2028 US Presidential Election.

The resolution source for this market is the Associated Press, Fox News, and NBC. This market will resolve once all three sources call the race for the same candidate. If all three sources haven’t called the race for the same candidate by the inauguration date (January 20, 2029) this market will resolve based on who is inaugurated.",,,presidential-election-winner-2028,Presidential Election Winner 2028,8199946.076680055,1938452.1787,False,2028-11-07T00:00:00Z,"[""19127703543758281171764934244436807153695715307017908811054254126168591609122"", ""55988424779505974483153818818889528404380009581145395352086864710928569072171""]",https://polymarket.com/market/will-pete-hegseth-win-the-2028-us-presidential-election,75.0,elections,unknown,presidential-election-winner-2028,public_or_macro_driven,False,matched elections keywords,diversity cap: event_family=presidential-election-winner-2028
561265,will-jalen-brunson-win-the-2028-us-presidential-election,Will Jalen Brunson win the 2028 US Presidential Election?,Will Jalen Brunson win the 2028 US Presidential Election?,"The 2028 US Presidential Election is scheduled to take place on November 7, 2028.

This market will resolve to the person who wins the 2028 US Presidential Election.

The resolution source for this market is the Associated Press, Fox News, and NBC. This market will resolve once all three sources call the race for the same candidate. If all three sources haven’t called the race for the same candidate by the inauguration date (January 20, 2029) this market will resolve based on who is inaugurated.",,,presidential-election-winner-2028,Presidential Election Winner 2028,1881352.9793410075,1986726.40873,False,2028-11-07T00:00:00Z,"[""102551965884513878228913656538331960551103243325173310298991321638711054206295"", ""25024096730843207041631203687678604497004516683590537482462688974562400646963""]",https://polymarket.com/market/will-jalen-brunson-win-the-2028-us-presidential-election,75.0,elections,unknown,presidential-election-winner-2028,public_or_macro_driven,False,matched elections keywords,diversity cap: event_family=presidential-election-winner-2028
