market_id,market_slug,market_name,question,description,category,tags,event_slug,event_title,volume,liquidity,closed,close_time,clob_token_ids,market_url,relevance_score,primary_topic,country_or_region,event_family,information_structure,hard_rejected,classification_reason
559651,xi-jinping-out-before-2027,Xi Jinping out before 2027?,Xi Jinping out before 2027?,"This market will resolve to ""Yes"" if China's General Secretary of the Communist Party, Xi Jinping, is removed from power for any length of time between July 3, 2025, and December 31, 2026, 11:59 PM ET. Otherwise, this market will resolve to ""No"".

CCP General Secretary Xi Jinping will be considered removed from power if he announces his resignation from his role as General Secretary, or is otherwise dismissed, detained, disqualified, or otherwise loses his position or is prevented from fulfilling his duties as General Secretary within this market's timeframe.

The primary resolution source for this market will be a consensus of credible reporting.",,,xi-jinping-out-before-2027,Xi Jinping out before 2027?,11351113.681297956,203646.59011,False,2026-12-31T00:00:00Z,"[""32338220190071351435772801779725302244575775216413325951443816017994629993401"", ""25659310674993675562345759665114759892400026242514633218387667107987341231962""]",https://polymarket.com/market/xi-jinping-out-before-2027,100.0,trade_policy,china_taiwan,xi-jinping-out-before-2027,asymmetry_prone,False,matched trade_policy keywords; small decision-maker + information-asymmetry bonus; cross-asset bonus
560317,putin-out-before-2027-346,"Putin out as President of Russia by December 31, 2026?","Putin out as President of Russia by December 31, 2026?","This market will resolve to “Yes” if Vladimir Putin ceases to be President of Russia for any period of time between market creation and the specified date (ET). Otherwise, this market will resolve to “No”.

An announcement of Vladimir Putin's resignation/removal before this market's end date will immediately resolve this market to ""Yes"", regardless of when the announced resignation/removal goes into effect.

If the specified individual is detained, effectively removed from the specified position, or otherwise permanently prevented from fulfilling the duties of the specified position within this market’s timeframe, it will qualify for a “Yes” resolution.

The resolution source for this market will be official information from Vladimir Putin and the government of Russia; however, a consensus of credible reporting may also be used.",,,putin-out-before-2027,Putin out as President of Russia by...?,17237986.13585108,1164075.856,False,2026-12-31T18:30:00Z,"[""350977769852917329387037893294763093471844346281449484439085576212613048126"", ""87073899845581463485186346288398658568334162612963837182986759797304993556208""]",https://polymarket.com/market/putin-out-before-2027-346,100.0,trade_policy,russia_ukraine,putin-out-before-2027,asymmetry_prone,False,matched trade_policy keywords; small decision-maker + information-asymmetry bonus; cross-asset bonus
544094,will-harvey-weinstein-be-sentenced-to-between-5-and-10-years-in-prison,Will Harvey Weinstein be sentenced to between 5 and 10 years in prison?,Will Harvey Weinstein be sentenced to between 5 and 10 years in prison?,"This market will resolve according to the prison sentence, if any, imposed on Harvey Weinstein as part of his ongoing New York retrial (People of the State of New York v. Harvey Weinstein) by July 31, 2026, 11:59 PM ET.

This market will resolve immediately based on the first sentence rendered in this case, regardless of any appeals. If Weinstein is found not guilty, there is a mistrial, or if the first sentencing does not include any jail or prison time, this market will resolve to ""No Prison Time.""

If no sentencing takes place by July 31, 2026, 11:59 PM ET, this market will also resolve to ""No Prison Time.""

If the sentence falls exactly between two brackets, then this market will resolve to the higher range bracket.

For the purposes of this market, it does not matter whether the sentence is concurrent or consecutive to any existing sentence Weinstein is already serving. The market will resolve based on the total prison sentence imposed in this case.

The primary resolution source for this market will be official information from the New York court system or other involved U.S. government sources; however, a consensus of credible reporting may also be used.",,,harvey-weinstein-prison-time,Harvey Weinstein prison time?,97048.23046500061,2831.98483,False,2025-12-31T12:00:00Z,"[""8585617872562550075367684165842985213222082790621129799520234539666057750015"", ""103705222348348023632358209307161171933864556870678885035120650593331360918837""]",https://polymarket.com/market/will-harvey-weinstein-be-sentenced-to-between-5-and-10-years-in-prison,75.0,elections,united_states,harvey-weinstein-prison-time,public_or_macro_driven,False,matched elections keywords
544092,will-harvey-weinstein-be-sentenced-to-no-prison-time,Will Harvey Weinstein be sentenced to no prison time?,Will Harvey Weinstein be sentenced to no prison time?,"This market will resolve according to the prison sentence, if any, imposed on Harvey Weinstein as part of his ongoing New York retrial (People of the State of New York v. Harvey Weinstein) by July 31, 2026, 11:59 PM ET.

This market will resolve immediately based on the first sentence rendered in this case, regardless of any appeals. If Weinstein is found not guilty, there is a mistrial, or if the first sentencing does not include any jail or prison time, this market will resolve to ""No Prison Time.""

If no sentencing takes place by July 31, 2026, 11:59 PM ET, this market will also resolve to ""No Prison Time.""

If the sentence falls exactly between two brackets, then this market will resolve to the higher range bracket.

For the purposes of this market, it does not matter whether the sentence is concurrent or consecutive to any existing sentence Weinstein is already serving. The market will resolve based on the total prison sentence imposed in this case.

The primary resolution source for this market will be official information from the New York court system or other involved U.S. government sources; however, a consensus of credible reporting may also be used.",,,harvey-weinstein-prison-time,Harvey Weinstein prison time?,391006.1010860027,3329.25477,False,2025-12-31T12:00:00Z,"[""24327803960645909378149041810697343640752122608192367041827900158592826352552"", ""86488478623677188352872801318507143761188967461168408688159600382919967378486""]",https://polymarket.com/market/will-harvey-weinstein-be-sentenced-to-no-prison-time,75.0,elections,united_states,harvey-weinstein-prison-time,public_or_macro_driven,False,matched elections keywords
544095,will-harvey-weinstein-be-sentenced-to-between-10-and-20-years-in-prison,Will Harvey Weinstein be sentenced to between 10 and 20 years in prison?,Will Harvey Weinstein be sentenced to between 10 and 20 years in prison?,"This market will resolve according to the prison sentence, if any, imposed on Harvey Weinstein as part of his ongoing New York retrial (People of the State of New York v. Harvey Weinstein) by July 31, 2026, 11:59 PM ET.

This market will resolve immediately based on the first sentence rendered in this case, regardless of any appeals. If Weinstein is found not guilty, there is a mistrial, or if the first sentencing does not include any jail or prison time, this market will resolve to ""No Prison Time.""

If no sentencing takes place by July 31, 2026, 11:59 PM ET, this market will also resolve to ""No Prison Time.""

If the sentence falls exactly between two brackets, then this market will resolve to the higher range bracket.

For the purposes of this market, it does not matter whether the sentence is concurrent or consecutive to any existing sentence Weinstein is already serving. The market will resolve based on the total prison sentence imposed in this case.

The primary resolution source for this market will be official information from the New York court system or other involved U.S. government sources; however, a consensus of credible reporting may also be used.",,,harvey-weinstein-prison-time,Harvey Weinstein prison time?,179190.19910799942,3387.62557,False,2025-12-31T12:00:00Z,"[""15540133404064485946536607974212890170021691204987131841181394872998839987451"", ""63603874958591978684257718702104189214159397118281244112857573557732401361881""]",https://polymarket.com/market/will-harvey-weinstein-be-sentenced-to-between-10-and-20-years-in-prison,75.0,elections,united_states,harvey-weinstein-prison-time,public_or_macro_driven,False,matched elections keywords
544096,will-harvey-weinstein-be-sentenced-to-between-20-and-30-years-in-prison,Will Harvey Weinstein be sentenced to between 20 and 30 years in prison?,Will Harvey Weinstein be sentenced to between 20 and 30 years in prison?,"This market will resolve according to the prison sentence, if any, imposed on Harvey Weinstein as part of his ongoing New York retrial (People of the State of New York v. Harvey Weinstein) by July 31, 2026, 11:59 PM ET.

This market will resolve immediately based on the first sentence rendered in this case, regardless of any appeals. If Weinstein is found not guilty, there is a mistrial, or if the first sentencing does not include any jail or prison time, this market will resolve to ""No Prison Time.""

If no sentencing takes place by July 31, 2026, 11:59 PM ET, this market will also resolve to ""No Prison Time.""

If the sentence falls exactly between two brackets, then this market will resolve to the higher range bracket.

For the purposes of this market, it does not matter whether the sentence is concurrent or consecutive to any existing sentence Weinstein is already serving. The market will resolve based on the total prison sentence imposed in this case.

The primary resolution source for this market will be official information from the New York court system or other involved U.S. government sources; however, a consensus of credible reporting may also be used.",,,harvey-weinstein-prison-time,Harvey Weinstein prison time?,217987.6546909998,2461.60372,False,2025-12-31T12:00:00Z,"[""40689385937970031985272152180777653235879119412231903065658922913468759560353"", ""109223657334725476924710634471321315385389367621714474291402615707818729630121""]",https://polymarket.com/market/will-harvey-weinstein-be-sentenced-to-between-20-and-30-years-in-prison,75.0,elections,united_states,harvey-weinstein-prison-time,public_or_macro_driven,False,matched elections keywords
544097,will-harvey-weinstein-be-sentenced-to-more-than-30-years-in-prison,Will Harvey Weinstein be sentenced to more than 30 years in prison?,Will Harvey Weinstein be sentenced to more than 30 years in prison?,"This market will resolve according to the prison sentence, if any, imposed on Harvey Weinstein as part of his ongoing New York retrial (People of the State of New York v. Harvey Weinstein) by July 31, 2026, 11:59 PM ET.

This market will resolve immediately based on the first sentence rendered in this case, regardless of any appeals. If Weinstein is found not guilty, there is a mistrial, or if the first sentencing does not include any jail or prison time, this market will resolve to ""No Prison Time.""

If no sentencing takes place by July 31, 2026, 11:59 PM ET, this market will also resolve to ""No Prison Time.""

If the sentence falls exactly between two brackets, then this market will resolve to the higher range bracket.

For the purposes of this market, it does not matter whether the sentence is concurrent or consecutive to any existing sentence Weinstein is already serving. The market will resolve based on the total prison sentence imposed in this case.

The primary resolution source for this market will be official information from the New York court system or other involved U.S. government sources; however, a consensus of credible reporting may also be used.",,,harvey-weinstein-prison-time,Harvey Weinstein prison time?,92387.2018,2160.99583,False,2025-12-31T12:00:00Z,"[""87036266705700330884624690101790543034325645582506946990660049003915176778714"", ""26608800110066527607246656145735191327716408714826934367635297922290688100618""]",https://polymarket.com/market/will-harvey-weinstein-be-sentenced-to-more-than-30-years-in-prison,75.0,elections,united_states,harvey-weinstein-prison-time,public_or_macro_driven,False,matched elections keywords
559652,will-gavin-newsom-win-the-2028-democratic-presidential-nomination-568,Will Gavin Newsom win the 2028 Democratic presidential nomination?,Will Gavin Newsom win the 2028 Democratic presidential nomination?,"This market will resolve to “Yes” if the named individual wins and accepts the 2028 nomination of the Democratic Party for U.S. president. Otherwise, this market will resolve to “No”.

The resolution source for this market will be a consensus of official Democratic Party sources.

Any replacement of the democratic nominee before election day will not change the resolution of the market.",,,democratic-presidential-nominee-2028,Democratic Presidential Nominee 2028,26470061.851192307,410818.04914,False,2028-11-07T00:00:00Z,"[""54533043819946592547517511176940999955633860128497669742211153063842200957669"", ""87854174148074652060467921081181402357467303721471806610111179101805869578687""]",https://polymarket.com/market/will-gavin-newsom-win-the-2028-democratic-presidential-nomination-568,75.0,elections,united_states,democratic-presidential-nominee-2028,public_or_macro_driven,False,matched elections keywords
559653,will-alexandria-ocasio-cortez-win-the-2028-democratic-presidential-nomination-653,Will Alexandria Ocasio-Cortez win the 2028 Democratic presidential nomination?,Will Alexandria Ocasio-Cortez win the 2028 Democratic presidential nomination?,"This market will resolve to “Yes” if the named individual wins and accepts the 2028 nomination of the Democratic Party for U.S. president. Otherwise, this market will resolve to “No”.

The resolution source for this market will be a consensus of official Democratic Party sources.

Any replacement of the democratic nominee before election day will not change the resolution of the market.",,,democratic-presidential-nominee-2028,Democratic Presidential Nominee 2028,13947922.507138142,318885.58863,False,2028-11-07T00:00:00Z,"[""107064985435494333113391038470401719113272800530429703182710416066774068907304"", ""65176072261324737856085688071627118509549293922582857186996392180609764586527""]",https://polymarket.com/market/will-alexandria-ocasio-cortez-win-the-2028-democratic-presidential-nomination-653,75.0,elections,united_states,democratic-presidential-nominee-2028,public_or_macro_driven,False,matched elections keywords
559654,will-pete-buttigieg-win-the-2028-democratic-presidential-nomination-687,Will Pete Buttigieg win the 2028 Democratic presidential nomination?,Will Pete Buttigieg win the 2028 Democratic presidential nomination?,"This market will resolve to “Yes” if the named individual wins and accepts the 2028 nomination of the Democratic Party for U.S. president. Otherwise, this market will resolve to “No”.

The resolution source for this market will be a consensus of official Democratic Party sources.

Any replacement of the democratic nominee before election day will not change the resolution of the market.",,,democratic-presidential-nominee-2028,Democratic Presidential Nominee 2028,11596353.266318588,392293.90012,False,2028-11-07T00:00:00Z,"[""91031279171981959197361710127213577102576826515163085396576756946418341946256"", ""18494065527924073750217237765784380365430319396356251245973222791140100738948""]",https://polymarket.com/market/will-pete-buttigieg-win-the-2028-democratic-presidential-nomination-687,75.0,elections,united_states,democratic-presidential-nominee-2028,public_or_macro_driven,False,matched elections keywords
559655,will-josh-shapiro-win-the-2028-democratic-presidential-nomination-977,Will Josh Shapiro win the 2028 Democratic presidential nomination?,Will Josh Shapiro win the 2028 Democratic presidential nomination?,"This market will resolve to “Yes” if the named individual wins and accepts the 2028 nomination of the Democratic Party for U.S. president. Otherwise, this market will resolve to “No”.

The resolution source for this market will be a consensus of official Democratic Party sources.

Any replacement of the democratic nominee before election day will not change the resolution of the market.",,,democratic-presidential-nominee-2028,Democratic Presidential Nominee 2028,9142418.59329016,422515.34569,False,2028-11-07T00:00:00Z,"[""71169839497420596285841847514123589847893415750912355173877524195175834054354"", ""55290827599553280245963175724940496753557722439999671239772487781170052583987""]",https://polymarket.com/market/will-josh-shapiro-win-the-2028-democratic-presidential-nomination-977,75.0,elections,united_states,democratic-presidential-nominee-2028,public_or_macro_driven,False,matched elections keywords
544093,will-harvey-weinstein-be-sentenced-to-less-than-5-years-in-prison,Will Harvey Weinstein be sentenced to less than 5 years in prison?,Will Harvey Weinstein be sentenced to less than 5 years in prison?,"This market will resolve according to the prison sentence, if any, imposed on Harvey Weinstein as part of his ongoing New York retrial (People of the State of New York v. Harvey Weinstein) by July 31, 2026, 11:59 PM ET.

This market will resolve immediately based on the first sentence rendered in this case, regardless of any appeals. If Weinstein is found not guilty, there is a mistrial, or if the first sentencing does not include any jail or prison time, this market will resolve to ""No Prison Time.""

If no sentencing takes place by July 31, 2026, 11:59 PM ET, this market will also resolve to ""No Prison Time.""

If the sentence falls exactly between two brackets, then this market will resolve to the higher range bracket.

For the purposes of this market, it does not matter whether the sentence is concurrent or consecutive to any existing sentence Weinstein is already serving. The market will resolve based on the total prison sentence imposed in this case.

The primary resolution source for this market will be official information from the New York court system or other involved U.S. government sources; however, a consensus of credible reporting may also be used.",,,harvey-weinstein-prison-time,Harvey Weinstein prison time?,147633.3548330003,3576.2949,False,2025-12-31T12:00:00Z,"[""77166477669007661974218999697956080000161736671391584414287437514245884953047"", ""47055352475798285920984907840917431698812931301054546103955312973973172985230""]",https://polymarket.com/market/will-harvey-weinstein-be-sentenced-to-less-than-5-years-in-prison,75.0,elections,united_states,harvey-weinstein-prison-time,public_or_macro_driven,False,matched elections keywords
559657,will-stephen-a-smith-win-the-2028-democratic-presidential-nomination-914,Will Stephen A. Smith win the 2028 Democratic presidential nomination?,Will Stephen A. Smith win the 2028 Democratic presidential nomination?,"This market will resolve to “Yes” if the named individual wins and accepts the 2028 nomination of the Democratic Party for U.S. president. Otherwise, this market will resolve to “No”.

The resolution source for this market will be a consensus of official Democratic Party sources.

Any replacement of the democratic nominee before election day will not change the resolution of the market.",,,democratic-presidential-nominee-2028,Democratic Presidential Nominee 2028,21440897.483584136,1288267.55085,False,2028-11-07T00:00:00Z,"[""60590045489347122735554346200880179420435533609307820342798544098823516727807"", ""76005700027045000587004110133818166617024719626220722682005164003117993034812""]",https://polymarket.com/market/will-stephen-a-smith-win-the-2028-democratic-presidential-nomination-914,75.0,elections,united_states,democratic-presidential-nominee-2028,public_or_macro_driven,False,matched elections keywords
559658,will-kamala-harris-win-the-2028-democratic-presidential-nomination-641,Will Kamala Harris win the 2028 Democratic presidential nomination?,Will Kamala Harris win the 2028 Democratic presidential nomination?,"This market will resolve to “Yes” if the named individual wins and accepts the 2028 nomination of the Democratic Party for U.S. president. Otherwise, this market will resolve to “No”.

The resolution source for this market will be a consensus of official Democratic Party sources.

Any replacement of the democratic nominee before election day will not change the resolution of the market.",,,democratic-presidential-nominee-2028,Democratic Presidential Nominee 2028,12552556.639963929,295135.14589,False,2028-11-07T00:00:00Z,"[""38171024903091354977195167437673496224420673639143973968032407064172828043588"", ""26930844951471612827925270830087046333229637930899178134435055616497220846773""]",https://polymarket.com/market/will-kamala-harris-win-the-2028-democratic-presidential-nomination-641,75.0,elections,united_states,democratic-presidential-nominee-2028,public_or_macro_driven,False,matched elections keywords
559659,will-gretchen-whitmer-win-the-2028-democratic-presidential-nomination-676,Will Gretchen Whitmer win the 2028 Democratic presidential nomination?,Will Gretchen Whitmer win the 2028 Democratic presidential nomination?,"This market will resolve to “Yes” if the named individual wins and accepts the 2028 nomination of the Democratic Party for U.S. president. Otherwise, this market will resolve to “No”.

The resolution source for this market will be a consensus of official Democratic Party sources.

Any replacement of the democratic nominee before election day will not change the resolution of the market.",,,democratic-presidential-nominee-2028,Democratic Presidential Nominee 2028,10929040.472077992,879980.19308,False,2028-11-07T00:00:00Z,"[""57761428076807364758801249497410455358987881775226117256631754592198558850468"", ""64300336035644500626313522990854070672468621241744347587785777226296613235598""]",https://polymarket.com/market/will-gretchen-whitmer-win-the-2028-democratic-presidential-nomination-676,75.0,elections,united_states,democratic-presidential-nominee-2028,public_or_macro_driven,False,matched elections keywords
559660,will-andy-beshear-win-the-2028-democratic-presidential-nomination-832,Will Andy Beshear win the 2028 Democratic presidential nomination?,Will Andy Beshear win the 2028 Democratic presidential nomination?,"This market will resolve to “Yes” if the named individual wins and accepts the 2028 nomination of the Democratic Party for U.S. president. Otherwise, this market will resolve to “No”.

The resolution source for this market will be a consensus of official Democratic Party sources.

Any replacement of the democratic nominee before election day will not change the resolution of the market.",,,democratic-presidential-nominee-2028,Democratic Presidential Nominee 2028,12784811.67137993,431262.88185,False,2028-11-07T00:00:00Z,"[""26468656392978559668331516709623917078428425933265692717836103090220693717685"", ""26335362363448644358593284423242327477307616743233875606762153873424287882825""]",https://polymarket.com/market/will-andy-beshear-win-the-2028-democratic-presidential-nomination-832,75.0,elections,united_states,democratic-presidential-nominee-2028,public_or_macro_driven,False,matched elections keywords
559661,will-jon-ossoff-win-the-2028-democratic-presidential-nomination-885,Will Jon Ossoff win the 2028 Democratic presidential nomination?,Will Jon Ossoff win the 2028 Democratic presidential nomination?,"This market will resolve to “Yes” if the named individual wins and accepts the 2028 nomination of the Democratic Party for U.S. president. Otherwise, this market will resolve to “No”.

The resolution source for this market will be a consensus of official Democratic Party sources.

Any replacement of the democratic nominee before election day will not change the resolution of the market.",,,democratic-presidential-nominee-2028,Democratic Presidential Nominee 2028,12128230.421291891,292698.82234,False,2028-11-07T00:00:00Z,"[""70071592420137476676935286377781779672157004436137616627487590484756055232944"", ""107829893465244243112531790315844862173967342141753896250561816305880797209350""]",https://polymarket.com/market/will-jon-ossoff-win-the-2028-democratic-presidential-nomination-885,75.0,elections,united_states,democratic-presidential-nominee-2028,public_or_macro_driven,False,matched elections keywords
561229,will-jd-vance-win-the-2028-us-presidential-election,Will JD Vance win the 2028 US Presidential Election?,Will JD Vance win the 2028 US Presidential Election?,"The 2028 US Presidential Election is scheduled to take place on November 7, 2028.

This market will resolve to the person who wins the 2028 US Presidential Election.

The resolution source for this market is the Associated Press, Fox News, and NBC. This market will resolve once all three sources call the race for the same candidate. If all three sources haven’t called the race for the same candidate by the inauguration date (January 20, 2029) this market will resolve based on who is inaugurated.",,,presidential-election-winner-2028,Presidential Election Winner 2028,14661106.966561008,552280.0103,False,2028-11-07T00:00:00Z,"[""16040015440196279900485035793550429453516625694844857319147506590755961451627"", ""94476829201604408463453426454480212459887267917122244941405244686637914508323""]",https://polymarket.com/market/will-jd-vance-win-the-2028-us-presidential-election,75.0,elections,unknown,presidential-election-winner-2028,public_or_macro_driven,False,matched elections keywords
561230,will-gavin-newsom-win-the-2028-us-presidential-election,Will Gavin Newsom win the 2028 US Presidential Election?,Will Gavin Newsom win the 2028 US Presidential Election?,"The 2028 US Presidential Election is scheduled to take place on November 7, 2028.

This market will resolve to the person who wins the 2028 US Presidential Election.

The resolution source for this market is the Associated Press, Fox News, and NBC. This market will resolve once all three sources call the race for the same candidate. If all three sources haven’t called the race for the same candidate by the inauguration date (January 20, 2029) this market will resolve based on who is inaugurated.",,,presidential-election-winner-2028,Presidential Election Winner 2028,17391127.069104105,443545.38876,False,2028-11-07T00:00:00Z,"[""98250445447699368679516529207365255018790721464590833209064266254238063117329"", ""18823838997443878656879952590502524526556504037944392973476854588563571859850""]",https://polymarket.com/market/will-gavin-newsom-win-the-2028-us-presidential-election,75.0,elections,unknown,presidential-election-winner-2028,public_or_macro_driven,False,matched elections keywords
561231,will-alexandria-ocasio-cortez-win-the-2028-us-presidential-election,Will Alexandria Ocasio-Cortez win the 2028 US Presidential Election?,Will Alexandria Ocasio-Cortez win the 2028 US Presidential Election?,"The 2028 US Presidential Election is scheduled to take place on November 7, 2028.

This market will resolve to the person who wins the 2028 US Presidential Election.

The resolution source for this market is the Associated Press, Fox News, and NBC. This market will resolve once all three sources call the race for the same candidate. If all three sources haven’t called the race for the same candidate by the inauguration date (January 20, 2029) this market will resolve based on who is inaugurated.",,,presidential-election-winner-2028,Presidential Election Winner 2028,12578372.818489864,308739.2202,False,2028-11-07T00:00:00Z,"[""8113830512143065501177519557124858581375945005490796772950589720955457782465"", ""11493926619286817179231142642565394485790380952577225820901334479399429951651""]",https://polymarket.com/market/will-alexandria-ocasio-cortez-win-the-2028-us-presidential-election,75.0,elections,unknown,presidential-election-winner-2028,public_or_macro_driven,False,matched elections keywords
561232,will-pete-buttigieg-win-the-2028-us-presidential-election,Will Pete Buttigieg win the 2028 US Presidential Election?,Will Pete Buttigieg win the 2028 US Presidential Election?,"The 2028 US Presidential Election is scheduled to take place on November 7, 2028.

This market will resolve to the person who wins the 2028 US Presidential Election.

The resolution source for this market is the Associated Press, Fox News, and NBC. This market will resolve once all three sources call the race for the same candidate. If all three sources haven’t called the race for the same candidate by the inauguration date (January 20, 2029) this market will resolve based on who is inaugurated.",,,presidential-election-winner-2028,Presidential Election Winner 2028,7757871.952893468,470210.59524,False,2028-11-07T00:00:00Z,"[""35629456194498013232473191985311930903993567273832459837879398120893197410860"", ""26087406687932108531005204502244492184534000122992461059156880611150953145122""]",https://polymarket.com/market/will-pete-buttigieg-win-the-2028-us-presidential-election,75.0,elections,unknown,presidential-election-winner-2028,public_or_macro_driven,False,matched elections keywords
561233,will-josh-shapiro-win-the-2028-us-presidential-election,Will Josh Shapiro win the 2028 US Presidential Election?,Will Josh Shapiro win the 2028 US Presidential Election?,"The 2028 US Presidential Election is scheduled to take place on November 7, 2028.

This market will resolve to the person who wins the 2028 US Presidential Election.

The resolution source for this market is the Associated Press, Fox News, and NBC. This market will resolve once all three sources call the race for the same candidate. If all three sources haven’t called the race for the same candidate by the inauguration date (January 20, 2029) this market will resolve based on who is inaugurated.",,,presidential-election-winner-2028,Presidential Election Winner 2028,6904799.577593973,385913.71059,False,2028-11-07T00:00:00Z,"[""1420113190297259908358916251277696183671602680024474979931472444792502392139"", ""9195312844128905514645503106857912558078141569888031031723687687489317147622""]",https://polymarket.com/market/will-josh-shapiro-win-the-2028-us-presidential-election,75.0,elections,unknown,presidential-election-winner-2028,public_or_macro_driven,False,matched elections keywords
561234,will-marco-rubio-win-the-2028-us-presidential-election,Will Marco Rubio win the 2028 US Presidential Election?,Will Marco Rubio win the 2028 US Presidential Election?,"The 2028 US Presidential Election is scheduled to take place on November 7, 2028.

This market will resolve to the person who wins the 2028 US Presidential Election.

The resolution source for this market is the Associated Press, Fox News, and NBC. This market will resolve once all three sources call the race for the same candidate. If all three sources haven’t called the race for the same candidate by the inauguration date (January 20, 2029) this market will resolve based on who is inaugurated.",,,presidential-election-winner-2028,Presidential Election Winner 2028,11196763.158681037,376432.6812,False,2028-11-07T00:00:00Z,"[""11171618905857319805355893398009978356002287408842633593535559412449299952250"", ""65892530750232246342273648992064742042382898919201083513241874070914353628268""]",https://polymarket.com/market/will-marco-rubio-win-the-2028-us-presidential-election,75.0,elections,unknown,presidential-election-winner-2028,public_or_macro_driven,False,matched elections keywords
561235,will-wes-moore-win-the-2028-us-presidential-election,Will Wes Moore win the 2028 US Presidential Election?,Will Wes Moore win the 2028 US Presidential Election?,"The 2028 US Presidential Election is scheduled to take place on November 7, 2028.

This market will resolve to the person who wins the 2028 US Presidential Election.

The resolution source for this market is the Associated Press, Fox News, and NBC. This market will resolve once all three sources call the race for the same candidate. If all three sources haven’t called the race for the same candidate by the inauguration date (January 20, 2029) this market will resolve based on who is inaugurated.",,,presidential-election-winner-2028,Presidential Election Winner 2028,11573246.13346459,362590.59611,False,2028-11-07T00:00:00Z,"[""35272507273162958827997790327967872292415567859334925862043618606081750011897"", ""374661216370333715221919731169956915917040066803205972387948453758235235593""]",https://polymarket.com/market/will-wes-moore-win-the-2028-us-presidential-election,75.0,elections,unknown,presidential-election-winner-2028,public_or_macro_driven,False,matched elections keywords
561236,will-gretchen-whitmer-win-the-2028-us-presidential-election,Will Gretchen Whitmer win the 2028 US Presidential Election?,Will Gretchen Whitmer win the 2028 US Presidential Election?,"The 2028 US Presidential Election is scheduled to take place on November 7, 2028.

This market will resolve to the person who wins the 2028 US Presidential Election.

The resolution source for this market is the Associated Press, Fox News, and NBC. This market will resolve once all three sources call the race for the same candidate. If all three sources haven’t called the race for the same candidate by the inauguration date (January 20, 2029) this market will resolve based on who is inaugurated.",,,presidential-election-winner-2028,Presidential Election Winner 2028,13697849.591370823,1639960.03607,False,2028-11-07T00:00:00Z,"[""4999047257294547885970323631312419427544062131054733229841947946130772277335"", ""102084577517225131375286042838758381959278092930102485541091152099183604495224""]",https://polymarket.com/market/will-gretchen-whitmer-win-the-2028-us-presidential-election,75.0,elections,unknown,presidential-election-winner-2028,public_or_macro_driven,False,matched elections keywords
561237,will-andy-beshear-win-the-2028-us-presidential-election,Will Andy Beshear win the 2028 US Presidential Election?,Will Andy Beshear win the 2028 US Presidential Election?,"The 2028 US Presidential Election is scheduled to take place on November 7, 2028.

This market will resolve to the person who wins the 2028 US Presidential Election.

The resolution source for this market is the Associated Press, Fox News, and NBC. This market will resolve once all three sources call the race for the same candidate. If all three sources haven’t called the race for the same candidate by the inauguration date (January 20, 2029) this market will resolve based on who is inaugurated.",,,presidential-election-winner-2028,Presidential Election Winner 2028,18795995.555496182,345465.10714,False,2028-11-07T00:00:00Z,"[""50507496430692162923857760920722624157737138256097150616293040054748564876552"", ""53112547591746110422238703365888013497196468199611167129486770819598374380742""]",https://polymarket.com/market/will-andy-beshear-win-the-2028-us-presidential-election,75.0,elections,unknown,presidential-election-winner-2028,public_or_macro_driven,False,matched elections keywords
561238,will-glenn-youngkin-win-the-2028-us-presidential-election,Will Glenn Youngkin win the 2028 US Presidential Election?,Will Glenn Youngkin win the 2028 US Presidential Election?,"The 2028 US Presidential Election is scheduled to take place on November 7, 2028.

This market will resolve to the person who wins the 2028 US Presidential Election.

The resolution source for this market is the Associated Press, Fox News, and NBC. This market will resolve once all three sources call the race for the same candidate. If all three sources haven’t called the race for the same candidate by the inauguration date (January 20, 2029) this market will resolve based on who is inaugurated.",,,presidential-election-winner-2028,Presidential Election Winner 2028,26228587.102162205,2062555.61927,False,2028-11-07T00:00:00Z,"[""631059815958854406224163480574507434200946764542129005247984171366597476420"", ""100418331065194201410948024347944500798513421135064468615649525110872253639397""]",https://polymarket.com/market/will-glenn-youngkin-win-the-2028-us-presidential-election,75.0,elections,unknown,presidential-election-winner-2028,public_or_macro_driven,False,matched elections keywords
561973,will-donald-trump-win-the-2028-republican-presidential-nomination,Will Donald Trump win the 2028 Republican presidential nomination?,Will Donald Trump win the 2028 Republican presidential nomination?,"This market will resolve to “Yes” if the named individual wins and accepts the 2028 nomination of the Republican Party for U.S. president. Otherwise, this market will resolve to “No”.

The resolution source for this market will be a consensus of official Republican Party sources.

Any replacement of the Republican nominee before election day will not change the resolution of the market.",,,republican-presidential-nominee-2028,Republican Presidential Nominee 2028,9073606.389365986,437983.43019,False,2028-11-07T00:00:00Z,"[""3039641309958397001906153616677074061284510636204155275446291716739429262374"", ""27828976648682466778776999076215423777766972981338264154049603024771135223200""]",https://polymarket.com/market/will-donald-trump-win-the-2028-republican-presidential-nomination,75.0,elections,united_states,republican-presidential-nominee-2028,public_or_macro_driven,False,matched elections keywords
561974,will-jd-vance-win-the-2028-republican-presidential-nomination,Will J.D. Vance win the 2028 Republican presidential nomination?,Will J.D. Vance win the 2028 Republican presidential nomination?,"This market will resolve to “Yes” if the named individual wins and accepts the 2028 nomination of the Republican Party for U.S. president. Otherwise, this market will resolve to “No”.

The resolution source for this market will be a consensus of official Republican Party sources.

Any replacement of the Republican nominee before election day will not change the resolution of the market.",,,republican-presidential-nominee-2028,Republican Presidential Nominee 2028,14494664.035097042,386576.54772,False,2028-11-07T00:00:00Z,"[""40081275558852222228080198821361202017557872256707631666334039001378518619916"", ""78633590736077251574794513664747155551297291244492840448622550955320930591622""]",https://polymarket.com/market/will-jd-vance-win-the-2028-republican-presidential-nomination,75.0,elections,united_states,republican-presidential-nominee-2028,public_or_macro_driven,False,matched elections keywords
