market_id,market_slug,market_name,question,description,category,tags,event_slug,event_title,volume,liquidity,closed,close_time,clob_token_ids,market_url,relevance_score,primary_topic,country_or_region,event_family,information_structure,hard_rejected,classification_reason,screen_economic_salience,screen_information_asymmetry,screen_topic,screen_rationale,screen_verdict,screen_drop_reason
559651,xi-jinping-out-before-2027,Xi Jinping out before 2027?,Xi Jinping out before 2027?,"This market will resolve to ""Yes"" if China's General Secretary of the Communist Party, Xi Jinping, is removed from power for any length of time between July 3, 2025, and December 31, 2026, 11:59 PM ET. Otherwise, this market will resolve to ""No"".

CCP General Secretary Xi Jinping will be considered removed from power if he announces his resignation from his role as General Secretary, or is otherwise dismissed, detained, disqualified, or otherwise loses his position or is prevented from fulfilling his duties as General Secretary within this market's timeframe.

The primary resolution source for this market will be a consensus of credible reporting.",,,xi-jinping-out-before-2027,Xi Jinping out before 2027?,11453782.590736987,214897.77919,False,2026-12-31T00:00:00Z,"[""32338220190071351435772801779725302244575775216413325951443816017994629993401"", ""25659310674993675562345759665114759892400026242514633218387667107987341231962""]",https://polymarket.com/market/xi-jinping-out-before-2027,100.0,trade_policy,china_taiwan,xi-jinping-out-before-2027,asymmetry_prone,False,matched trade_policy keywords; small decision-maker + information-asymmetry bonus; cross-asset bonus,75.0,75.0,cabinet_government,Sudden removal of China's paramount leader would shock global equities and create major geopolitical instability; CCP insiders would know intentions before public announcement.,keep,
560317,putin-out-before-2027-346,"Putin out as President of Russia by December 31, 2026?","Putin out as President of Russia by December 31, 2026?","This market will resolve to “Yes” if Vladimir Putin ceases to be President of Russia for any period of time between market creation and the specified date (ET). Otherwise, this market will resolve to “No”.

An announcement of Vladimir Putin's resignation/removal before this market's end date will immediately resolve this market to ""Yes"", regardless of when the announced resignation/removal goes into effect.

If the specified individual is detained, effectively removed from the specified position, or otherwise permanently prevented from fulfilling the duties of the specified position within this market’s timeframe, it will qualify for a “Yes” resolution.

The resolution source for this market will be official information from Vladimir Putin and the government of Russia; however, a consensus of credible reporting may also be used.",,,putin-out-before-2027,Putin out as President of Russia by...?,17433155.434377052,961445.9529,False,2026-12-31T18:30:00Z,"[""350977769852917329387037893294763093471844346281449484439085576212613048126"", ""87073899845581463485186346288398658568334162612963837182986759797304993556208""]",https://polymarket.com/market/putin-out-before-2027-346,100.0,trade_policy,russia_ukraine,putin-out-before-2027,asymmetry_prone,False,matched trade_policy keywords; small decision-maker + information-asymmetry bonus; cross-asset bonus,80.0,75.0,cabinet_government,"Putin's ouster would move energy, equities, and geopolitics dramatically; a small inner circle would know before public.",keep,
